<?xml version="1.0" encoding="UTF-8"?><rss version="2.0"
	xmlns:content="http://purl.org/rss/1.0/modules/content/"
	xmlns:wfw="http://wellformedweb.org/CommentAPI/"
	xmlns:dc="http://purl.org/dc/elements/1.1/"
	xmlns:atom="http://www.w3.org/2005/Atom"
	xmlns:sy="http://purl.org/rss/1.0/modules/syndication/"
	xmlns:slash="http://purl.org/rss/1.0/modules/slash/"
	>

<channel>
	<title>Thời trang &#8211; NoahMyStore</title>
	<atom:link href="http://localhost/NgocAnh/category/thoi-trang/feed/?simply_static_page=296" rel="self" type="application/rss+xml" />
	<link>https://https://github.com/Noah2k3/NoahMyBlog.github.io.git</link>
	<description></description>
	<lastBuildDate>Mon, 11 Sep 2023 16:30:27 +0000</lastBuildDate>
	<language>vi</language>
	<sy:updatePeriod>
	hourly	</sy:updatePeriod>
	<sy:updateFrequency>
	1	</sy:updateFrequency>
	<generator>https://wordpress.org/?v=6.3.1</generator>
	<item>
		<title>Scandinavian style là gì? Tìm hiểu về phong cách Scandinavian trong thời trang</title>
		<link>https://https://github.com/Noah2k3/NoahMyBlog.github.io.git/2023/09/11/scandinavian-style-la-gi-tim-hieu-ve-phong-cach-scandinavian-trong-thoi-trang/</link>
					<comments>https://https://github.com/Noah2k3/NoahMyBlog.github.io.git/2023/09/11/scandinavian-style-la-gi-tim-hieu-ve-phong-cach-scandinavian-trong-thoi-trang/#respond</comments>
		
		<dc:creator><![CDATA[Noah]]></dc:creator>
		<pubDate>Mon, 11 Sep 2023 16:30:27 +0000</pubDate>
				<category><![CDATA[Thời trang]]></category>
		<guid isPermaLink="false">https://https://github.com/Noah2k3/NoahMyBlog.github.io.git/?p=71</guid>

					<description><![CDATA[Scandinavian style với đa số người có thể là cụm từ ít được biết đến trong cuộc sống nói chung và trong thời trang nói riêng. Tuy nhiên, với những ai biết hoặc quan tâm đến nghệ thuật thì cái những tên như phong cách scandinavian hay scandinavian style có lẽ không hề xa lạ. Hãy [&#8230;]]]></description>
										<content:encoded><![CDATA[
<p><em><strong>Scandinavian style</strong></em> với đa số người có thể là cụm từ ít được biết đến trong cuộc sống nói chung và trong thời trang nói riêng. Tuy nhiên, với những ai biết hoặc quan tâm đến nghệ thuật thì cái những tên như phong cách scandinavian hay scandinavian style có lẽ không hề xa lạ. Hãy cùng tripleR đi tìm hiểu về “scandinavian style” để tìm lời giải cho câu hỏi “<strong>scandinavian style là gì</strong>” ngay sau đây nhé.</p>



<h2 class="wp-block-heading"><strong>Scandinavian style là gì? Xuất xứ từ đâu</strong></h2>



<p>Scandinavia dịch ra tiếng Việt có nghĩa là “bán đảo scandinavia”, một bán đảo nằm ở Bắc Âu, nơi ươm mầm và tạo nên phong cách ấn tượng này, trước khi nó lan đến toàn thế giới tạo ra cái tên “<strong>scandinavian style”</strong>&nbsp;hay phong cách scandinavian style.</p>


<div class="wp-block-image">
<figure class="aligncenter"><img decoding="async" src="https://tripler.vn/wp-content/uploads/2021/01/scandinavian-style.jpg" alt="Scandinavian style là gì? Scandinavian xuất xứ từ đâu" class="wp-image-23380" title="Scandinavian style là gì? Scandinavian xuất xứ từ đâu"/></figure></div>


<p><em>Scandinavian style là gì? Tìm hiểu về phong cách Scandinavian trong thời trang</em></p>



<p>Đi sâu vào chi tiết, scandinavian style (phong cách scandinavian) hay còn gọi là phong cách Bắc Âu, là phong cách áp dụng cho nhiều lĩnh vực cuộc sống, từ thời trang đến thiết kế nội thất, ngoại thất, đây là sự kết hợp cân bằng giữa 3 yếu tố: Đẹp – sự tối giản – sự tiện dụng. Hiện nay, phong cách này rất được ưa chuộng bởi sự đẹp, đơn giản và thoải mái.</p>



<p><strong>Có thể bạn quan tâm:</strong></p>



<blockquote class="wp-block-quote">
<p>&gt;&gt;&nbsp;<a href="https://tripler.vn/street-style-la-gi.html">Phong cách street style là gì? Tìm hiểu a-z về street style</a></p>



<p>&gt;&gt;&nbsp;<a href="https://tripler.vn/streetwear-la-gi.html">Streetwear là gì? Phân biệt giữa phong cách streetwear &amp; street style</a></p>



<p>&gt;&gt;&nbsp;<a href="https://tripler.vn/phong-cach-vintage.html">Vintage nghĩa là gì? Phong cách thời trang Vintage có gì đặc biệt</a></p>



<p>&gt;&gt;&nbsp;<a href="https://tripler.vn/phong-cach-retro.html">Retro là gì? Phong cách Retro là gì lại được nhiều người yêu đến vậy?</a></p>



<p>&gt;&gt;&nbsp;<a href="https://tripler.vn/thoi-trang-lolita.html">Lolita là gì? Thời trang Lolita có gì “đặc biệt”?</a></p>
</blockquote>



<h2 class="wp-block-heading"><strong>Phong cách scandinavian trong thời trang có gì đặc biệt?</strong></h2>



<p>Nói đến phong cách thời trang scandinavian, chúng ta sẽ nhắc tới các vật liệu cấu thành từ da, lông thú, vân gỗ, mang đến nguồn cảm hứng bất tận cho các bạn phối đồ, mix &amp; match thoải mái.</p>



<p><strong>Đặc trưng của phong cách Scandinavian trong thời trang:</strong></p>



<ul>
<li>Da: Những item từ chất liệu da như áo khoác, quần da sang trọng và ấm áp cho mùa đông.</li>



<li>Lông thú:Lông thú trang điểm cho những items thêm sang trọng, ấm áp.</li>



<li>Vân gỗ: Những phụ kiện như vòng tay, vòng cổ, đồng hồ phong cách vân gỗ là một trong những phong cách scandinavian phổ biến.</li>
</ul>



<h2 class="wp-block-heading"><strong>Chiêm ngưỡng những trang phục đậm scandinavian style cho giới trẻ</strong></h2>



<p>Sau đây là những items phong cách scandinavian đơn giản nhưng cực đẹp, hãy cùng nhau chiêm ngưỡng nhé.</p>


<div class="wp-block-image">
<figure class="aligncenter"><img decoding="async" src="https://tripler.vn/wp-content/uploads/2019/01/suede-cargo-jacket-146-kk88039-3.jpg" alt="Mẫu áo khoác da màu nâu đất đậm chất scandinavian style" class="wp-image-5509" title="Mẫu áo khoác da màu nâu đất đậm chất scandinavian style"/></figure></div>


<p><em>Mẫu áo khoác da màu nâu đất đậm chất scandinavian style</em></p>


<div class="wp-block-image">
<figure class="aligncenter"><img decoding="async" src="https://tripler.vn/wp-content/uploads/2019/01/suede-cargo-jacket-146-kk6591-1.jpg" alt="Mẫu áo khoác da màu đỏ đất phong cách scandinavian style" class="wp-image-5507" title="Mẫu áo khoác da màu đỏ đất phong cách scandinavian style"/></figure></div>


<p><em>Mẫu áo khoác da màu đỏ đất phong cách scandinavian style</em></p>


<div class="wp-block-image">
<figure class="aligncenter"><img decoding="async" src="https://tripler.vn/wp-content/uploads/2021/01/scandinavian-style-1.jpg" alt="Mẫu áo khoác jean đen với lông thú được phối bên trong áo đậm chất scandinavian style" class="wp-image-23377" title="Mẫu áo khoác jean đen với lông thú được phối bên trong áo đậm chất scandinavian style"/></figure></div>


<p><em>Mẫu áo khoác jean đen với lông thú được phối bên trong áo đậm chất scandinavian style</em></p>


<div class="wp-block-image">
<figure class="aligncenter"><img decoding="async" src="https://tripler.vn/wp-content/uploads/2021/01/scandinavian-style-2.jpg" alt="Mẫu áo khoác jean xanh navy với lông thú được phối bên trong áo đậm chất scandinavian style" class="wp-image-23378" title="Mẫu áo khoác jean xanh navy với lông thú được phối bên trong áo đậm chất scandinavian style"/></figure></div>


<p><em>Mẫu áo khoác jean xanh navy với lông thú được phối bên trong áo đậm chất scandinavian style</em></p>
]]></content:encoded>
					
					<wfw:commentRss>https://https://github.com/Noah2k3/NoahMyBlog.github.io.git/2023/09/11/scandinavian-style-la-gi-tim-hieu-ve-phong-cach-scandinavian-trong-thoi-trang/feed/</wfw:commentRss>
			<slash:comments>0</slash:comments>
		
		
			</item>
	</channel>
</rss>
