<?xml version="1.0" encoding="UTF-8"?><rss version="2.0"
	xmlns:content="http://purl.org/rss/1.0/modules/content/"
	xmlns:wfw="http://wellformedweb.org/CommentAPI/"
	xmlns:dc="http://purl.org/dc/elements/1.1/"
	xmlns:atom="http://www.w3.org/2005/Atom"
	xmlns:sy="http://purl.org/rss/1.0/modules/syndication/"
	xmlns:slash="http://purl.org/rss/1.0/modules/slash/"
	>

<channel>
	<title>Noah &#8211; NoahMyStore</title>
	<atom:link href="http://localhost/NgocAnh/author/noah/feed/?simply_static_page=335" rel="self" type="application/rss+xml" />
	<link>https://https://github.com/Noah2k3/NoahMyBlog.github.io.git</link>
	<description></description>
	<lastBuildDate>Mon, 11 Sep 2023 16:30:27 +0000</lastBuildDate>
	<language>vi</language>
	<sy:updatePeriod>
	hourly	</sy:updatePeriod>
	<sy:updateFrequency>
	1	</sy:updateFrequency>
	<generator>https://wordpress.org/?v=6.3.1</generator>
	<item>
		<title>Scandinavian style là gì? Tìm hiểu về phong cách Scandinavian trong thời trang</title>
		<link>https://https://github.com/Noah2k3/NoahMyBlog.github.io.git/2023/09/11/scandinavian-style-la-gi-tim-hieu-ve-phong-cach-scandinavian-trong-thoi-trang/</link>
					<comments>https://https://github.com/Noah2k3/NoahMyBlog.github.io.git/2023/09/11/scandinavian-style-la-gi-tim-hieu-ve-phong-cach-scandinavian-trong-thoi-trang/#respond</comments>
		
		<dc:creator><![CDATA[Noah]]></dc:creator>
		<pubDate>Mon, 11 Sep 2023 16:30:27 +0000</pubDate>
				<category><![CDATA[Thời trang]]></category>
		<guid isPermaLink="false">https://https://github.com/Noah2k3/NoahMyBlog.github.io.git/?p=71</guid>

					<description><![CDATA[Scandinavian style với đa số người có thể là cụm từ ít được biết đến trong cuộc sống nói chung và trong thời trang nói riêng. Tuy nhiên, với những ai biết hoặc quan tâm đến nghệ thuật thì cái những tên như phong cách scandinavian hay scandinavian style có lẽ không hề xa lạ. Hãy [&#8230;]]]></description>
										<content:encoded><![CDATA[
<p><em><strong>Scandinavian style</strong></em> với đa số người có thể là cụm từ ít được biết đến trong cuộc sống nói chung và trong thời trang nói riêng. Tuy nhiên, với những ai biết hoặc quan tâm đến nghệ thuật thì cái những tên như phong cách scandinavian hay scandinavian style có lẽ không hề xa lạ. Hãy cùng tripleR đi tìm hiểu về “scandinavian style” để tìm lời giải cho câu hỏi “<strong>scandinavian style là gì</strong>” ngay sau đây nhé.</p>



<h2 class="wp-block-heading"><strong>Scandinavian style là gì? Xuất xứ từ đâu</strong></h2>



<p>Scandinavia dịch ra tiếng Việt có nghĩa là “bán đảo scandinavia”, một bán đảo nằm ở Bắc Âu, nơi ươm mầm và tạo nên phong cách ấn tượng này, trước khi nó lan đến toàn thế giới tạo ra cái tên “<strong>scandinavian style”</strong>&nbsp;hay phong cách scandinavian style.</p>


<div class="wp-block-image">
<figure class="aligncenter"><img decoding="async" src="https://tripler.vn/wp-content/uploads/2021/01/scandinavian-style.jpg" alt="Scandinavian style là gì? Scandinavian xuất xứ từ đâu" class="wp-image-23380" title="Scandinavian style là gì? Scandinavian xuất xứ từ đâu"/></figure></div>


<p><em>Scandinavian style là gì? Tìm hiểu về phong cách Scandinavian trong thời trang</em></p>



<p>Đi sâu vào chi tiết, scandinavian style (phong cách scandinavian) hay còn gọi là phong cách Bắc Âu, là phong cách áp dụng cho nhiều lĩnh vực cuộc sống, từ thời trang đến thiết kế nội thất, ngoại thất, đây là sự kết hợp cân bằng giữa 3 yếu tố: Đẹp – sự tối giản – sự tiện dụng. Hiện nay, phong cách này rất được ưa chuộng bởi sự đẹp, đơn giản và thoải mái.</p>



<p><strong>Có thể bạn quan tâm:</strong></p>



<blockquote class="wp-block-quote">
<p>&gt;&gt;&nbsp;<a href="https://tripler.vn/street-style-la-gi.html">Phong cách street style là gì? Tìm hiểu a-z về street style</a></p>



<p>&gt;&gt;&nbsp;<a href="https://tripler.vn/streetwear-la-gi.html">Streetwear là gì? Phân biệt giữa phong cách streetwear &amp; street style</a></p>



<p>&gt;&gt;&nbsp;<a href="https://tripler.vn/phong-cach-vintage.html">Vintage nghĩa là gì? Phong cách thời trang Vintage có gì đặc biệt</a></p>



<p>&gt;&gt;&nbsp;<a href="https://tripler.vn/phong-cach-retro.html">Retro là gì? Phong cách Retro là gì lại được nhiều người yêu đến vậy?</a></p>



<p>&gt;&gt;&nbsp;<a href="https://tripler.vn/thoi-trang-lolita.html">Lolita là gì? Thời trang Lolita có gì “đặc biệt”?</a></p>
</blockquote>



<h2 class="wp-block-heading"><strong>Phong cách scandinavian trong thời trang có gì đặc biệt?</strong></h2>



<p>Nói đến phong cách thời trang scandinavian, chúng ta sẽ nhắc tới các vật liệu cấu thành từ da, lông thú, vân gỗ, mang đến nguồn cảm hứng bất tận cho các bạn phối đồ, mix &amp; match thoải mái.</p>



<p><strong>Đặc trưng của phong cách Scandinavian trong thời trang:</strong></p>



<ul>
<li>Da: Những item từ chất liệu da như áo khoác, quần da sang trọng và ấm áp cho mùa đông.</li>



<li>Lông thú:Lông thú trang điểm cho những items thêm sang trọng, ấm áp.</li>



<li>Vân gỗ: Những phụ kiện như vòng tay, vòng cổ, đồng hồ phong cách vân gỗ là một trong những phong cách scandinavian phổ biến.</li>
</ul>



<h2 class="wp-block-heading"><strong>Chiêm ngưỡng những trang phục đậm scandinavian style cho giới trẻ</strong></h2>



<p>Sau đây là những items phong cách scandinavian đơn giản nhưng cực đẹp, hãy cùng nhau chiêm ngưỡng nhé.</p>


<div class="wp-block-image">
<figure class="aligncenter"><img decoding="async" src="https://tripler.vn/wp-content/uploads/2019/01/suede-cargo-jacket-146-kk88039-3.jpg" alt="Mẫu áo khoác da màu nâu đất đậm chất scandinavian style" class="wp-image-5509" title="Mẫu áo khoác da màu nâu đất đậm chất scandinavian style"/></figure></div>


<p><em>Mẫu áo khoác da màu nâu đất đậm chất scandinavian style</em></p>


<div class="wp-block-image">
<figure class="aligncenter"><img decoding="async" src="https://tripler.vn/wp-content/uploads/2019/01/suede-cargo-jacket-146-kk6591-1.jpg" alt="Mẫu áo khoác da màu đỏ đất phong cách scandinavian style" class="wp-image-5507" title="Mẫu áo khoác da màu đỏ đất phong cách scandinavian style"/></figure></div>


<p><em>Mẫu áo khoác da màu đỏ đất phong cách scandinavian style</em></p>


<div class="wp-block-image">
<figure class="aligncenter"><img decoding="async" src="https://tripler.vn/wp-content/uploads/2021/01/scandinavian-style-1.jpg" alt="Mẫu áo khoác jean đen với lông thú được phối bên trong áo đậm chất scandinavian style" class="wp-image-23377" title="Mẫu áo khoác jean đen với lông thú được phối bên trong áo đậm chất scandinavian style"/></figure></div>


<p><em>Mẫu áo khoác jean đen với lông thú được phối bên trong áo đậm chất scandinavian style</em></p>


<div class="wp-block-image">
<figure class="aligncenter"><img decoding="async" src="https://tripler.vn/wp-content/uploads/2021/01/scandinavian-style-2.jpg" alt="Mẫu áo khoác jean xanh navy với lông thú được phối bên trong áo đậm chất scandinavian style" class="wp-image-23378" title="Mẫu áo khoác jean xanh navy với lông thú được phối bên trong áo đậm chất scandinavian style"/></figure></div>


<p><em>Mẫu áo khoác jean xanh navy với lông thú được phối bên trong áo đậm chất scandinavian style</em></p>
]]></content:encoded>
					
					<wfw:commentRss>https://https://github.com/Noah2k3/NoahMyBlog.github.io.git/2023/09/11/scandinavian-style-la-gi-tim-hieu-ve-phong-cach-scandinavian-trong-thoi-trang/feed/</wfw:commentRss>
			<slash:comments>0</slash:comments>
		
		
			</item>
		<item>
		<title>PHONG CÁCH SCANDINAVIAN LÀ GÌ? ỨNG DỤNG NỘI THẤT SCANDINAVIAN LIVING BẮC ÂU ẤN TƯỢNG NHẤT 2023</title>
		<link>https://https://github.com/Noah2k3/NoahMyBlog.github.io.git/2023/09/11/phong-cach-scandinavian-la-gi-ung-dung-noi-that-scandinavian-living-bac-au-an-tuong-nhat-2023/</link>
					<comments>https://https://github.com/Noah2k3/NoahMyBlog.github.io.git/2023/09/11/phong-cach-scandinavian-la-gi-ung-dung-noi-that-scandinavian-living-bac-au-an-tuong-nhat-2023/#respond</comments>
		
		<dc:creator><![CDATA[Noah]]></dc:creator>
		<pubDate>Mon, 11 Sep 2023 16:27:38 +0000</pubDate>
				<category><![CDATA[Nội thất]]></category>
		<category><![CDATA[Scandinavian]]></category>
		<guid isPermaLink="false">https://https://github.com/Noah2k3/NoahMyBlog.github.io.git/?p=69</guid>

					<description><![CDATA[Nếu bạn đang tìm kiếm ý tưởng thiết kế không gian sống theo hướng hiện đại, đơn giản nhưng vẫn ấm cúng, tiện nghi, đừng nên bỏ qua&#160;phong cách Scandinavian. Đó cũng là lý do mà phong cách thiết kế nội thất Bắc Âu&#160;Scandinavian&#160;với nét đẹp nhẹ nhàng, tinh tế đang ngày càng được yêu [&#8230;]]]></description>
										<content:encoded><![CDATA[
<p><em>Nếu bạn đang tìm kiếm ý tưởng thiết kế không gian sống theo hướng hiện đại, đơn giản nhưng vẫn ấm cúng, tiện nghi, đừng nên bỏ qua&nbsp;phong cách Scandinavian. Đó cũng là lý do mà phong cách thiết kế nội thất Bắc Âu&nbsp;<a href="https://jysk.vn/" target="_blank" rel="noreferrer noopener">Scandinavian</a>&nbsp;với nét đẹp nhẹ nhàng, tinh tế đang ngày càng được yêu thích. Vậy thực chất&nbsp;</em><em>phong cách Scandinavian là gì</em><em>? Hãy cùng JYSK tìm hiểu ngay về&nbsp;phong cách&nbsp;<a href="https://jysk.vn/scandinavian-la-gi-va-ung-dung-trong-thiet-ke-can-ho/" target="_blank" rel="noreferrer noopener">Scandinavian là gì</a>&nbsp;và các đặc trưng, ưu điểm nổi bật giúp xu hướng này được ưa chuộng nhé!</em></p>



<h2 class="wp-block-heading">Scandinavian là gì?</h2>



<p>Scandinavian được bắt nguồn từ tên gọi của một địa danh ở Bắc Âu là bán đảo Scandinavia. Bán đảo này được bao quanh bởi&nbsp;biển Baltic, biển Bắc, biển Na Uy thuộc Đại Tây Dương và biển Barents thuộc Bắc Băng Dương.</p>



<figure class="wp-block-image" id="attachment_30331"><a href="https://jysk.vn/wp-content/uploads/2021/01/scandinavian-2.png"><img decoding="async" src="https://jysk.vn/wp-content/uploads/2021/01/scandinavian-2-752x400.png" alt="Vùng Bắc Âu xinh đẹp là nơi bắt nguồn của phong cách Scandinavian" class="wp-image-30331"/></a><figcaption class="wp-element-caption">Vùng Bắc Âu xinh đẹp là nơi bắt nguồn của phong cách Scandinavian</figcaption></figure>



<h2 class="wp-block-heading">Phong cách Scandinavian là gì?</h2>



<p>Dù xu hướng thiết kế nội thất Scandinavian đang ngày càng phổ biến nhưng rất nhiều người vẫn chưa biết rõ&nbsp;phong cách Scandinavian là gì?&nbsp;Phong cách Scandinavian, hay phong cách Bắc Âu, là phong cách thiết kế Scandinavian nội thất có sự hòa quyện độc đáo giữa 3 yếu tố – sự tối giản – công năng tiện dụng, mang đến nét đẹp hiện đại nhưng vẫn gần gũi&nbsp;với thiên nhiên. “Đơn giản, ấm cúng và tinh tế” là những nét đặc trưng thường thấy ở các ngôi nhà mang phong cách thiết kế Scandinavian. Những gam màu trung tính&nbsp;như trắng, xám, xanh đen trắng… mang đến cảm giác hài hòa, dịu mắt kết hợp cùng những sản phẩm nội thất đơn giản nhưng đầy đủ tiện nghi. Sự pha trộn này sẽ mang đến cho bạn cảm giác thoải mái, yên bình và thư giãn.&nbsp;Chính vì vậy,&nbsp;phong cách nội thất Scandinavian&nbsp;không những được giới trẻ ưa chuộng, mà ngay cả những người ở tuổi trung niên cũng yêu thích.</p>



<figure class="wp-block-image"><img decoding="async" src="https://jysk.vn/img/3103909_2.jpg" alt="Phong cách Scandinavian là gì?"/><figcaption class="wp-element-caption">Phong cách nội thất Scandinavian mang lại cảm giác thoải mái, yên bình và thư giãn</figcaption></figure>



<h2 class="wp-block-heading">Lịch sử phong cách Scandinavian</h2>



<p>Phong cách này xuất hiện từ năm 1940, tuy nhiên phải đến những năm 1950 thì nó mới được công nhận rộng rãi ở các quốc gia như Thụy Điển, Phần Lan, Đan Mạch… Trước đó, vào năm 1914,&nbsp;phong cách Scandinavian&nbsp;được biết đến với tên gọi thiết kế dân chủ. Ở giai đoạn này, phong cách dân chủ chú trọng vào việc tận dụng hiệu quả các nguồn nguyên liệu tự nhiên nên sản phẩm có giá cả phải chăng. Do vậy, phong cách nội thất này nhanh chóng được nhiều người ưa chuộng, mở ra tiền đề phát triển cho phong cách Bắc Âu.</p>



<p>Sau đó, nhiều cuộc triển lãm xoay quanh đề tài thiết kế nội thất Scandinavian đã được tổ chức tại Bắc Âu và Châu Mỹ. Stockholm Exhibition là buổi triển lãm đầu tiên được tổ chức vào năm 1930. Từ năm 1947 đến 1954, các thuật ngữ về Scandinavian bắt đầu được đưa vào chương trình thiết kế tại Mỹ và Canada. Bên cạnh đó, nhiều sản phẩm mang&nbsp;phong cách nội thất Scandinavian&nbsp;cũng được trưng bày, giúp phong cách thiết kế Scandinavian ngày càng phổ biến hơn. Từ giai đoạn đầu của thế kỷ 21, Scandinavian đã trở thành một trong những phong cách thiết kế nội thất ưu việt trên thế giới.</p>



<h2 class="wp-block-heading">Đặc trưng phong cách Scandinavian</h2>



<p>Để trang trí không gian sống nhà mình theo phong cách Bắc Âu Scandinavian, bạn cần chú ý đến những đặc trưng cơ bản của phong cách nội thất này bao gồm:</p>



<ul>
<li>Sử dụng các chất liệu tự nhiên như gỗ và đá</li>



<li>Sử dụng tông màu trung tính chủ đạo kết hợp yếu tố tương phản để tạo điểm nhấn cho không gian</li>



<li>Tận dụng ánh sáng tự nhiên</li>



<li>Lựa chọn đồ nội thất có thiết kế đơn giản, hiện đại và có tính ứng dụng cao.</li>
</ul>



<h3 class="wp-block-heading">Chất liệu trong trang trí nội thất&nbsp;Scandinavian</h3>



<p>Phong cách Scandinavian&nbsp;nổi bật với vẻ đẹp giản dị, mộc mạc và tinh tế. Do đó, những chất liệu, phụ kiện, vật dụng trong căn phòng hay căn hộ được sử dụng cho phong cách này đó là:</p>



<ul>
<li>Gỗ: Đây chính là chất liệu đặc trưng không thể thiếu khi nhắc đến phong cách Bắc Âu. Các phụ kiện bằng gỗ bàn ghế, tủ đồ, bàn trang điểm… mang đến vẻ đẹp mộc mạc, giản dị, gần gũi với tự nhiên tạo cảm giác thoải mái, trong lành.</li>
</ul>



<figure class="wp-block-image"><img decoding="async" src="https://jysk.vn/wp-content/uploads/2020/12/99854-1109x800.jpg" alt="Sử dụng chất liệu gỗ tự nhiên trong phong cách Scandinavian"/><figcaption class="wp-element-caption">Sự kết hợp của chất liệu gỗ sáng giúp không gian thêm thoáng đạt và rộng rãi</figcaption></figure>



<ul>
<li>Đá: Chất liệu đá là yếu tố đặc trưng trong thiết kế&nbsp;phong cách Scandinavian, đặc biệt là đá màu trắng tinh khiết. Chúng mang lại vẻ đẹp thanh lịch, tinh tế khi được đặt ở các vị trí để tạo điểm nhấn như vách tường, mặt bếp…</li>



<li>Da và lông thú: Khi kết hợp 2 chất liệu này sẽ đem đến sự sáng tạo độc đáo trong phong cách thiết kế Scandinavian. Chất liệu da thường được sử dụng ở ghế sofa hay&nbsp;<a href="https://jysk.vn/ghe-banh/" target="_blank" rel="noreferrer noopener">ghế bành</a>… Còn lông thú thì chủ yếu là&nbsp;<a href="https://jysk.vn/tham/" target="_blank" rel="noreferrer noopener">thảm</a>&nbsp;hoặc vật trang trí trên tường, tạo không gian ấm áp, gần gũi.</li>
</ul>



<figure class="wp-block-image" id="attachment_30332"><a href="https://jysk.vn/wp-content/uploads/2021/01/scandinavian-3.png"><img decoding="async" src="https://jysk.vn/wp-content/uploads/2021/01/scandinavian-3-607x400.png" alt="Kết hợp chất liệu tự nhiên da và lông thú trong phong cách Scandinavian" class="wp-image-30332"/></a><figcaption class="wp-element-caption">Ghế sofa kết hợp cùng thảm phòng khách tạo nên vẻ đẹp hiện đại</figcaption></figure>



<h3 class="wp-block-heading">Màu sắc trong phong cách&nbsp;Scandinavian</h3>



<p>Màu trắng chính là biểu tượng đặc trưng của&nbsp;phong cách thiết kế Scandinavian. Bởi lẽ, thiết kế này được lấy cảm hứng từ vùng đất có tuyết trắng Bắc Âu.</p>



<figure class="wp-block-image"><img decoding="async" src="https://jysk.vn/img/3680044_2.jpg" alt="Sử dụng tông màu trắng chủ đạo trong phong cách Scandinavian"/><figcaption class="wp-element-caption">Sử dụng tông màu trắng chủ đạo giúp không gian nội thất thêm tinh tế, hiện đại</figcaption></figure>



<p>Màu trắng trong thiết kế nội thất không những giúp mở rộng không gian, mà còn rất dễ phối hợp với nhiều màu sắc khác như màu kem, vàng nhạt, xanh… để tạo điểm nhấn.</p>



<figure class="wp-block-image"><img decoding="async" src="https://jysk.vn/img/3620890_5.jpg" alt="Sự kết hợp màu sắc trong phong cách Scandinavian"/><figcaption class="wp-element-caption">Sự kết hợp màu sắc trung tính tạo điểm nhấn nổi bật cho không gian</figcaption></figure>



<h3 class="wp-block-heading">Ánh sáng rất quan trọng trong&nbsp;Scandinavian</h3>



<p>Một trong những điểm độc đáo, sáng tạo của phong cách Bắc Âu chính là tận dụng được nguồn ánh sáng tự nhiên. Do vậy, thông thường, trong phòng sẽ có nhiều cửa sổ cùng rèm mỏng màu trắng để thu hút ánh sáng bên ngoài. Đèn trang trí thường được sử dụng ở phong cách này là đèn lồng, đèn mây màu trắng hoặc vàng nhẹ.</p>



<figure class="wp-block-image"><img decoding="async" src="https://jysk.vn/img/3656199_9.jpg" alt="Sử dụng ánh sáng tự nhiên trong phong cách Scandinavian"/><figcaption class="wp-element-caption">Sử dụng ánh sáng tự nhiên giúp không gian thêm rộng mở, thoáng đãng</figcaption></figure>



<h3 class="wp-block-heading">Các yếu tố trang trí</h3>



<ul>
<li>Cây xanh: Phong cách Scandinavian&nbsp;theo xu hướng tự nhiên và giản dị nên cây xanh được xem là phụ kiện trang trí không thể thiếu.</li>



<li>Chất liệu gỗ:&nbsp;Như đã đề cập ở trên, chất liệu gỗ tạo nên vẻ đẹp mộc mạc và giản dị cho không gian theo phong cách Bắc Âu. Do đó, bạn có thể tìm mua hoặc tự tay làm những phụ kiện bằng gỗ như tủ gỗ,&nbsp;<a href="https://jysk.vn/lo-hoa/" target="_blank" rel="noreferrer noopener">lọ hoa</a>, vòng cung treo tường, rèm gỗ… để trang trí cho phòng của mình.</li>



<li>Họa tiết: Phong cách Scandinavian&nbsp;theo hướng đơn giản, tinh tế. Vì vậy, các họa tiết trang trí hình hoa văn, caro được ưa chuộng. Chúng thường được xuất hiện ở thảm trải sàn, tranh treo tường…</li>
</ul>



<h3 class="wp-block-heading">Vật dụng nội thất</h3>



<p>Vì phong cách thiết kế Bắc Âu đi theo chủ nghĩa tối giản, nên bạn cần chú trọng tới tính tiện dụng và đơn giản trong cách sắp xếp nội thất. Những vật dụng nội thất đa năng sẽ được ưu tiên sử dụng nhiều hơn. Bạn có thể bố trí ghế bành, sofa, ghế tựa dạng rời,&nbsp;<a href="https://jysk.vn/ke-treo-tuong/" target="_blank" rel="noreferrer noopener">kệ treo tường</a>, tủ kệ dạng cao tầng… để tiết kiệm không gian, đồng thời chọn lựa những mẫu nội thất chất liệu thiên nhiên như bàn ghế mây, tre… góp phần là tăng thêm vẻ đẹp tinh tế, sáng tạo.</p>



<figure class="wp-block-image"><img decoding="async" src="https://jysk.vn/img/3602023_5.jpg" alt="Bố trí đồ nội thất đơn giản, gọn gàng phong cách Scandinavian" title="Bố trí đồ nội thất đơn giản, gọn gàng để không gian thêm rộng rãi"/></figure>



<p><em>Bố trí đồ nội thất đơn giản, gọn gàng để không gian thêm rộng rãi</em></p>



<h2 class="wp-block-heading">Lý do phong cách Scandinavian Living ngày càng được ưa chuộng</h2>



<h3 class="wp-block-heading">Giúp căn phòng rộng và thoáng hơn</h3>



<p>Hiểu được&nbsp;phong cách Scandinavian là gì&nbsp;sẽ giúp bạn dễ dàng biết được lý do phong cách thiết kế này luôn được yêu thích. Nhấn mạnh vào nét đẹp tươi sáng, tinh tế, sử dụng gam màu tươi sáng như màu trắng, xám, xanh là nét đặc trưng của phong cách này. Những bức tường màu trắng mang lại cảm giác mở rộng không gian, rộng rãi, thông thoáng cho căn phòng. Đặc biệt đối với các ngôi nhà, chung cư ở thành phố lớn có không gian nhỏ hẹp, chật chội thì việc ứng dụng thiết kế&nbsp;phong cách Scandinavian&nbsp;là một lựa chọn lý tưởng.</p>



<figure class="wp-block-image" id="attachment_32374"><a href="https://jysk.vn/wp-content/uploads/2021/02/phong-cach-scandinavian-la-gi.jpg"><img decoding="async" src="https://jysk.vn/wp-content/uploads/2021/02/phong-cach-scandinavian-la-gi.jpg" alt="Phong cách thiết kế Scandinavian giúp căn phòng rộng và thoáng hơn" class="wp-image-32374"/></a><figcaption class="wp-element-caption"><a href="https://jysk.vn/phong-ngu-phong-cach-scandinavian-hien-dai-va-tinh-te/" target="_blank" rel="noreferrer noopener">Phòng ngủ phong cách Scandinavian</a>&nbsp;giúp căn phòng rộng và thoáng hơn</figcaption></figure>



<h3 class="wp-block-heading">Dễ kết hợp với những họa tiết khác</h3>



<p>Không ít bạn sẽ nghĩ rằng gam màu trắng chủ đạo sẽ đem lại cảm giác đơn điệu, nhàm chán. Thế nhưng,&nbsp;phong cách nội thất Scandinavian&nbsp;với gam màu trắng chủ đạo cực kỳ dễ phối hợp với các phụ kiện nội thất khác. Vậy cách phối hợp&nbsp;phụ kiện trang trí&nbsp;trong&nbsp;phong cách Scandinavian là gì?&nbsp;Rất đơn giản, việc sử dụng những chiếc&nbsp;thảm&nbsp;trải sàn tông màu sáng sẽ giúp cả căn phòng của bạn sẽ trở nên tươi sáng, có điểm nhấn và mang lại cảm giác ấm cúng. Nếu bạn yêu thích phong cách hiện đại, năng động, bạn có thể kết hợp phụ kiện với các họa tiết kẻ sọc, bất đối xứng,…</p>



<figure class="wp-block-image"><img decoding="async" src="https://jysk.vn/img/3602023_2.jpg" alt="Sự kết hợp các phụ kiện trang trí trong phong cách Scandinavian"/><figcaption class="wp-element-caption">Sự kết hợp các phụ kiện trang trí trong phong cách Scandinavian</figcaption></figure>



<h3 class="wp-block-heading">Tận dụng tối đa ánh sáng tự nhiên</h3>



<p>Vậy nguồn ánh sáng của&nbsp;phong cách Scandinavian là gì?&nbsp;Sử dụng ánh sáng tự nhiên là một trong những yếu tố quan trọng trong thiết kế nội thất mang phong cách Scandinavian. Xu hướng thiết kế Bắc Âu này tận dụng tối đa nguồn sáng tự nhiên bằng cách kết hợp các khung cửa sổ rộng lớn và những chiếc rèm cửa sáng màu. Điều này giúp tăng góc độ dàn trải của ánh sáng và mang lại không khí thoáng đãng cho căn phòng. Đây cũng là một điểm nhấn ấn tượng của phong cách Scandinavian.</p>



<h2 class="wp-block-heading">6 Cách trang trí nhà phong cách nội thất Scandinavian Bắc Âu</h2>



<h3 class="wp-block-heading">Phong cách nội thất Scandinavian Design với sàn gỗ sáng màu</h3>



<p>Với&nbsp;phong cách nội thất Scandinavian, sàn gỗ sáng màu luôn là sự lựa chọn hàng đầu. Chúng có thể sử dụng trong mọi không gian, ngoại trừ phòng tắm. Nếu bạn đã lắp sàn gỗ màu tối, thì có thể làm sáng chúng bằng cách dùng các sản phẩm đánh sàn chuyên dụng, và sơn dầu lại màu sáng hơn.</p>



<figure class="wp-block-image"><img decoding="async" src="https://jysk.vn/wp-content/uploads/2020/10/99713-j-600x399.jpg" alt="Sàn gỗ sáng màu là đặc trưng của phong cách nội thất Scandinavian"/><figcaption class="wp-element-caption">Sàn gỗ sáng màu là đặc trưng của phong cách nội thất Scandinavian</figcaption></figure>



<h3 class="wp-block-heading">Màu sắc trung tính trong phong cách nội thất Scandinavian</h3>



<p>Phong cách nội thất Scandinavian&nbsp;ưu tiên lựa chọn tone màu sáng chủ đạo như: trắng, xám, xanh các màu sắc nhạt, đặc biệt là màu pastel. Lưu ý nhỏ là bạn chỉ nên sử dụng từ một đến hai màu sắc chủ đạo thôi nhé.&nbsp;</p>



<h3 class="wp-block-heading">Vật liệu tự nhiên là điểm quan trọng trong Scandinavian Design</h3>



<p>Để tô thêm vẻ đẹp cho&nbsp;phong cách nội thất Scandinavian, thường vật liệu tự nhiên luôn là sự lựa chọn hoàn hảo. Bằng việc kết hợp giữa các loại vật liệu khác nhau, như hộp đựng đựng làm từ mây,&nbsp;<a href="https://jysk.vn/phu-kien-trang-tri/" target="_blank" rel="noreferrer noopener">phụ kiện trang trí</a>&nbsp;bằng gốm sứ kết hợp với nội thất làm từ gỗ,… bạn sẽ thấy một tổng thể rất đẹp, hài hòa và thanh lịch.</p>



<figure class="wp-block-image"><img decoding="async" src="https://jysk.vn/gallery/360657084_2.jpg" alt="Tủ quần áo HAGENDRUP, gỗ công nghiệp màu sồi trắng tại JYSK phong cách Scandinavian"/><figcaption class="wp-element-caption">Tủ quần áo HAGENDRUP, gỗ công nghiệp màu sồi trắng tại JYSK</figcaption></figure>



<h3 class="wp-block-heading">Trang trí phòng với ánh sáng tự nhiên&nbsp;</h3>



<p>Phong cách nội thất Scandinavian&nbsp;có nguồn gốc từ các nước Bắc Âu. Do những nước này có mùa đông kéo dài và khá tối, nên không có gì làm lạ khi người dân nơi đây luôn muốn đưa nhiều ánh sáng vào trong nhà. Người Scandinavian thường sử dụng các bóng đèn thả trần, thiết kế nhiều khung cửa sổ và bố trí chúng rải rác xung quanh phòng nhằm khuếch tán ánh sáng.&nbsp;</p>



<figure class="wp-block-image"><img decoding="async" src="https://jysk.vn/wp-content/uploads/2020/10/1-1.jpg" alt="Ánh sáng tự nhiên được ưa chuộng trong thiết kế phong cách nội thất Scandinavian"/><figcaption class="wp-element-caption">Ánh sáng tự nhiên được ưa chuộng trong thiết kế phong cách nội thất Scandinavian</figcaption></figure>



<h3 class="wp-block-heading">Đồ nội thất hiện đại tối giản thể hiện rõ&nbsp;Scandinavian Design</h3>



<p>Một chi tiết nhỏ nữa đáng được quan tâm, đó là khi mua đồ nội thất, bạn nên ưu tiên chọn đồ càng tối giản càng tốt. Vì theo&nbsp;phong cách nội thất Scandinavian,&nbsp;họ không sử dụng quá nhiều họa tiết hoa văn, thay vào đó họ chọn những sản phẩm đa năng, có màu sắc đơn điệu. Như thế sẽ tạo nên không gian thoáng đãng, cảm giác thoải mái, không bị bí bách nhưng vẫn đầy đủ tiện nghi.&nbsp;</p>



<h4 class="wp-block-heading">Chọn ghế Sofa màu trầm</h4>



<p>Có một sản phẩm phổ biến trong&nbsp;phong cách nội thất Scandinavian&nbsp;đó là những chiếc ghế sofa màu trầm. Thường sử dụng chất liệu là bọc vải màu tối như xám, xanh đen, xám nhạt,… ới phần chân ghế bằng gỗ, kiểu dáng bo tròn hoặc vuông vức tạo sự khác biệt, đậm phong cách Bắc Âu.</p>



<figure class="wp-block-image"><img decoding="async" src="https://jysk.vn/gallery/369018286.jpg" alt="Sofa 3S GEDVED, vải polyester màu xám tại JYSK phong cách Scandinavian"/><figcaption class="wp-element-caption">Sofa 3S GEDVED, vải polyester màu xám tại JYSK</figcaption></figure>



<h3 class="wp-block-heading">Phụ kiện trang trí nhà cửa đơn giản nhưng tinh tế</h3>



<p>Điều cuối cùng, là bạn nên giảm các phụ kiện trang trí ở mức tối thiểu. Hãy nghĩ về những khoảng trống, nếu muốn bạn có thể tô thêm một vài cây xanh hoặc trang trí thêm các phụ kiện cơ bản như rèm cửa,&nbsp;<a href="https://jysk.vn/khung-tranh-anh/" target="_blank" rel="noreferrer noopener">khung ảnh</a>, thảm trải,… chúng vừa làm điểm nhấn trang trí nhưng vẫn có công năng chắc chắn sẽ làm tăng giá trị thẩm mỹ cho căn phòng của bạn.</p>



<h2 class="wp-block-heading">TOP Mẫu nội thất phong cách Scandinavian Design hiện đại, HOT nhất 2023</h2>



<h3 class="wp-block-heading">Mẫu nội thất phòng khách phong cách&nbsp;Scandinavian</h3>



<figure class="wp-block-image"><img decoding="async" src="https://jysk.vn/img/3648123_2.jpg" alt="Mẫu phòng khách phong cách Scandinavian sàn nhà gỗ ấm cúng"/><figcaption class="wp-element-caption">Mẫu phòng khách phong cách Scandinavian sàn nhà gỗ ấm cúng</figcaption></figure>



<figure class="wp-block-image"><img decoding="async" src="https://jysk.vn/img/3648123_5.jpeg" alt="Mẫu phòng khách phong cách Bắc Âu phong cách Scandinavian"/><figcaption class="wp-element-caption">Mẫu phòng khách phong cách Bắc Âu nhẹ nhàng, tinh tế</figcaption></figure>



<figure class="wp-block-image"><img decoding="async" src="https://jysk.vn/img/3620880_4.jpg" alt="Mẫu phòng khách phong cách Bắc Âu hiện đại phong cách Scandinavian"/><figcaption class="wp-element-caption">Mẫu phòng khách phong cách Bắc Âu hiện đại</figcaption></figure>
]]></content:encoded>
					
					<wfw:commentRss>https://https://github.com/Noah2k3/NoahMyBlog.github.io.git/2023/09/11/phong-cach-scandinavian-la-gi-ung-dung-noi-that-scandinavian-living-bac-au-an-tuong-nhat-2023/feed/</wfw:commentRss>
			<slash:comments>0</slash:comments>
		
		
			</item>
		<item>
		<title>Giải mã sức hấp dẫn của khu phố ẩm thực Hà Nội</title>
		<link>https://https://github.com/Noah2k3/NoahMyBlog.github.io.git/2023/09/11/giai-ma-suc-hap-dan-cua-khu-pho-am-thuc-ha-noi/</link>
					<comments>https://https://github.com/Noah2k3/NoahMyBlog.github.io.git/2023/09/11/giai-ma-suc-hap-dan-cua-khu-pho-am-thuc-ha-noi/#respond</comments>
		
		<dc:creator><![CDATA[Noah]]></dc:creator>
		<pubDate>Mon, 11 Sep 2023 16:21:35 +0000</pubDate>
				<category><![CDATA[Ẩm thực]]></category>
		<category><![CDATA[Ẩm thực miền Bắc]]></category>
		<guid isPermaLink="false">https://https://github.com/Noah2k3/NoahMyBlog.github.io.git/?p=66</guid>

					<description><![CDATA[Sức hấp dẫn của văn hóa ẩm thực Hà Nội không chỉ bởi hương vị, màu sắc món ăn mà còn từ tri thức, kỹ thuật, bí quyết nhà nghề và câu chuyện giữ gìn văn hóa truyền thống. Lễ hội Văn hóa &#8211; ẩm thực Việt Nam 2023 thu hút 30 nghìn lượt du [&#8230;]]]></description>
										<content:encoded><![CDATA[
<p>Sức hấp dẫn của văn hóa ẩm thực Hà Nội không chỉ bởi hương vị, màu sắc món ăn mà còn từ tri thức, kỹ thuật, bí quyết nhà nghề và câu chuyện giữ gìn văn hóa truyền thống.</p>



<figure class="wp-block-table"><table><tbody><tr><td><a href="https://qltt.vn/le-hoi-van-hoa-am-thuc-viet-nam-2023-thu-hut-30-nghin-luot-du-khach-tham-quan-95444.html">Lễ hội Văn hóa &#8211; ẩm thực Việt Nam 2023 thu hút 30 nghìn lượt du khách tham quan</a><a href="https://qltt.vn/du-khach-hao-hung-trai-nghiem-tai-le-hoi-van-hoa-am-thuc-mon-ngon-saigontourist-group-2023-95383.html">Du khách hào hứng trải nghiệm tại “Lễ hội văn hóa ẩm thực, món ngon Saigontourist Group 2023”</a><a href="https://qltt.vn/le-hoi-van-hoa-am-thuc-viet-nam-nam-2023-ho-n-dan-to-c-vi-que-huong-95264.html">Lễ hội Văn hóa &#8211; Ẩm thực Việt Nam năm 2023: “Hồn dân tộc – Vị quê hương”</a></td></tr></tbody></table></figure>



<p>Hai khu phố ẩm thực Tống Duy Tân và Đảo Ngọc &#8211; Ngũ Xã đã góp phần thúc đẩy du lịch và kinh tế đêm Thủ đô. Là địa chỉ cho các Cty du lịch tổ chức các tour du lịch ẩm thực chuyên đề quanh Hà Nội. Từ “kênh” phố ẩm thực thúc đẩy hoạt động du lịch, đưa loại hình du lịch ẩm thực trở thành thế mạnh đặc trưng, góp phần khẳng định bản sắc Hà Nội trên bản đồ ẩm thực thế giới.</p>



<figure class="wp-block-table"><table><tbody><tr><td><img decoding="async" src="https://qltt.vn/stores/news_dataimages/hanhnth3/062023/13/11/3929_1-3.jpg?rt=20230613113930" alt="Giải mã sức hấp dẫn của khu phố ẩm thực Hà Nội"></td></tr></tbody></table></figure>



<p>Nằm trong khu vực sầm uất của Thủ đô, tuyến phố Tống Duy Tân (phường Hàng Bông, quận Hoàn Kiếm) chỉ có chiều dài 200m, con phố nhỏ nhưng “có võ” được coi là “thiên đường ẩm thực đêm” của giới trẻ. Du khách đến phố Tống Duy Tân được thưởng thức món ăn đủ vị từ gà tần thuốc bắc, bánh cuốn Kỳ Đồng, cơm đảo gà rang, cháo sườn Thọ Xương, ốc bà Câm,…</p>



<p>Các tín đồ ăn vặt hẳn sẽ tiếc hùi hụi nếu không thử hết các món ăn vặt vừa thuận con mắt, vừa ưng cái bụng trên phố ẩm thực nức tiếng Hà Thành.</p>



<p>Sau 21 năm được chọn làm Phố ẩm thực Hà Nội, đến nay phố Tống Duy Tân đã phát triển đa dạng các nhà hàng, quán ăn, cơ sở hạ tầng đến dự án “tuyến phố xanh”.</p>



<figure class="wp-block-table"><table><tbody><tr><td><img decoding="async" src="https://qltt.vn/stores/news_dataimages/hanhnth3/062023/13/11/4123_88589ef5-af4f-4a84-9838-4dad8e1d31af20221231164219.jpg?rt=20230613114124" alt="Giải mã sức hấp dẫn của khu phố ẩm thực Hà Nội"></td></tr><tr><td><em>(Ảnh minh họa)</em></td></tr></tbody></table></figure>



<p>Là tuyến phố ẩm thực thứ hai Hà Nội, phố ẩm thực kết hợp phố đi bộ Đảo Ngọc &#8211; Ngũ Xã (phường Trúc Bạch, quận Ba Đình) thu hút du khách đến tham quan, trải nghiệm. Trước đây, tuyến phố đã có tên trong “bản đồ ẩm thực” của du khách với các món ăn đặc trưng là món phở cuốn, bún Thái, lẩu ếch, đồ nướng,…</p>



<p>Ngoài trải nghiệm nét ẩm thực mang phong vị riêng của người dân làng đúc đồng xưa, du khách còn tham gia nhiều hoạt động đường phố hấp dẫn khác. Từ chợ hàng hóa, sản phẩm OCOP, trưng bày giới thiệu truyền thống đúc đồng Ngũ Xã,…</p>



<p>Tại Hà Nội, ẩm thực đường phố những năm gần đây liên tục được gọi tên với các giải thưởng ẩm thực uy tín. Mới đây, Hà Nội vinh dự đứng ở vị trí thứ 3 trong danh sách Top 20 điểm đến cho người mê ẩm thực năm 2023 do TripAdvisor bình chọn. Cũng tại giải thưởng này năm 2022, Hà Nội xếp hạng 22/23 bình chọn từ du khách trên toàn thế giới.</p>
]]></content:encoded>
					
					<wfw:commentRss>https://https://github.com/Noah2k3/NoahMyBlog.github.io.git/2023/09/11/giai-ma-suc-hap-dan-cua-khu-pho-am-thuc-ha-noi/feed/</wfw:commentRss>
			<slash:comments>0</slash:comments>
		
		
			</item>
		<item>
		<title>Sức hút ẩm thực Hà Nội</title>
		<link>https://https://github.com/Noah2k3/NoahMyBlog.github.io.git/2023/09/11/suc-hut-am-thuc-ha-noi/</link>
					<comments>https://https://github.com/Noah2k3/NoahMyBlog.github.io.git/2023/09/11/suc-hut-am-thuc-ha-noi/#respond</comments>
		
		<dc:creator><![CDATA[Noah]]></dc:creator>
		<pubDate>Mon, 11 Sep 2023 16:20:09 +0000</pubDate>
				<category><![CDATA[Ẩm thực]]></category>
		<category><![CDATA[Ẩm thực miền Bắc]]></category>
		<guid isPermaLink="false">https://https://github.com/Noah2k3/NoahMyBlog.github.io.git/?p=64</guid>

					<description><![CDATA[Thủ đô Hà Nội không chỉ mang trong mình bề dày văn hóa – lịch sử mà còn chứa đựng cả một nền ẩm thực độc đáo, riêng có. Ẩm thực Hà thành còn là sự kết tinh ẩm thực của mọi miền đất nước, là sự thẩm thấu, tiếp biến tinh hoa của ẩm [&#8230;]]]></description>
										<content:encoded><![CDATA[
<p>Thủ đô Hà Nội không chỉ mang trong mình bề dày văn hóa – lịch sử mà còn chứa đựng cả một nền ẩm thực độc đáo, riêng có. Ẩm thực Hà thành còn là sự kết tinh ẩm thực của mọi miền đất nước, là sự thẩm thấu, tiếp biến tinh hoa của ẩm thực thế giới. Bởi lẽ ấy, ẩm thực Hà Nội được truyền thông quốc tế đánh giá cao. Nói đến xuất khẩu sản phẩm văn hóa, người ta hay nghĩ đến các loại hình giải trí, tuy nhiên dù chưa có con số thống kê cụ thể nhưng nhiều người cho rằng thị trường xuất khẩu văn hóa ẩm thực thậm chí còn lớn hơn nhiều. Và cũng không có gì tác động nhanh, nhiều xúc cảm như ẩm thực, bởi “món ngon nhớ lâu”, món ngon luôn gây thương nhớ.</p>
]]></content:encoded>
					
					<wfw:commentRss>https://https://github.com/Noah2k3/NoahMyBlog.github.io.git/2023/09/11/suc-hut-am-thuc-ha-noi/feed/</wfw:commentRss>
			<slash:comments>0</slash:comments>
		
		
			</item>
		<item>
		<title>Sức hấp dẫn mang tên “Hà Nội”: Tinh hoa ẩm thực Hà thành</title>
		<link>https://https://github.com/Noah2k3/NoahMyBlog.github.io.git/2023/09/11/suc-hap-dan-mang-ten-ha-noi-tinh-hoa-am-thuc-ha-thanh/</link>
					<comments>https://https://github.com/Noah2k3/NoahMyBlog.github.io.git/2023/09/11/suc-hap-dan-mang-ten-ha-noi-tinh-hoa-am-thuc-ha-thanh/#respond</comments>
		
		<dc:creator><![CDATA[Noah]]></dc:creator>
		<pubDate>Mon, 11 Sep 2023 16:18:40 +0000</pubDate>
				<category><![CDATA[Ẩm thực Hà Nội]]></category>
		<guid isPermaLink="false">https://https://github.com/Noah2k3/NoahMyBlog.github.io.git/?p=61</guid>

					<description><![CDATA[“Không chỉ hấp dẫn với nhiều hồ nước quyến rũ, sự pha trộn đầy cuốn hút giữa kiến trúc Pháp và Việt Nam cùng khu phố cổ đặc trưng, thành phố còn hấp dẫn bởi những nhà hàng, quán ăn với một nền ẩm thực phong phú…” &#8211; Flight network, Công ty du lịch trực [&#8230;]]]></description>
										<content:encoded><![CDATA[
<p>“Không chỉ hấp dẫn với nhiều hồ nước quyến rũ, sự pha trộn đầy cuốn hút giữa kiến trúc Pháp và Việt Nam cùng khu phố cổ đặc trưng, thành phố còn hấp dẫn bởi những nhà hàng, quán ăn với một nền ẩm thực phong phú…” &#8211; Flight network, Công ty du lịch trực tuyến hàng đầu của Canada đã nhận xét như vậy, khi bình chọn Hà Nội là một trong 50 thành phố đẹp nhất thế giới. Tìm hiểu thêm về ẩm thực nói chung, ẩm thực đường phố Hà Nội nói riêng để thấy, còn rất nhiều điều thú vị đã và đang làm nên tinh hoa cho ẩm thực Hà thành.</p>



<p><strong>Phong vị riêng trong thế giới hội nhập</strong></p>



<p>Là doanh nghiệp lữ hành quốc tế, có cơ hội tiếp cận với nhiều đối tượng khách du lịch, Công ty TNHH Xuân Sơn Travel sớm nhận ra tiềm năng của du lịch ẩm thực khi ưu tiên nhiều tour tuyến gắn với trải nghiệm phong vị Hà thành.</p>



<p>Giám đốc kinh doanh &#8211; marketing Nguyễn Vân Nhung cho biết: “Khách du lịch nước ngoài đặc biệt thích thú với những trải nghiệm ẩm thực truyền thống trên phố cổ Hà Nội. Thưởng thức những món ngon đường phố hay nhâm nhi đồ uống trong không khí nhộn nhịp của các địa chỉ ẩm thực Tống Duy Tân, Tạ Hiện, Hàng Buồm…, đều gây ấn tượng mạnh mẽ với những người lần đầu tới Hà Nội”.</p>



<figure class="wp-block-image"><a href="https://images.vietnamtourism.gov.vn/vn//images/2019/CNMN/29.11.Suc_hap_dan_mang_ten_Ha_Noi_Tinh_hoa_am_thuc_Ha_thanh_1.jpg" target="_blank" rel="noreferrer noopener"><img decoding="async" fetchpriority="high" width="673" height="426" src="https://https://github.com/Noah2k3/NoahMyBlog.github.io.git/wp-content/uploads/2023/09/image.jpeg" alt="" class="wp-image-62"/></a></figure>



<p><em>Nghệ nhân Phạm Thị Ánh Tuyết (đứng ngoài cùng, áo xanh) hướng dẫn du khách quốc tế thưởng thức các món ăn truyền thống của Việt Nam.</em></p>



<p>Khác với vẻ yên tĩnh trong những buổi sáng tinh mơ, phố Tạ Hiện (quận Hoàn Kiếm) khoác lên mình vẻ náo nhiệt đầy quyến rũ khi đêm xuống. Đây là một trong những điểm không thể bỏ qua khi muốn tìm hiểu về văn hóa ẩm thực đường phố Hà Nội. Mang kiến trúc pha trộn Á &#8211; Âu với những dãy nhà ngói nâu san sát, hè và đường liền nhau cùng những hàng quán đông đúc, phố Tạ Hiện dễ khiến du khách choáng ngợp trước sự sôi động và khả năng xóa nhòa rào cản văn hóa, ngôn ngữ&#8230; Thưởng thức bia lạnh cùng bạn bè trong không khí đông vui của khu phố, Vinee Botejue, một doanh nhân đến từ Srilanka, chia sẻ: &#8220;Tôi rất thích tận hưởng cảm giác Hà Nội về đêm với những món ăn, đồ uống hấp dẫn, đa dạng…&#8221;.</p>



<p>Cũng nằm trong không gian phố cổ, phố văn hóa ẩm thực Hàng Buồm, dù mới mở từ tháng 9-2018, song đã trở thành điểm đến quen thuộc của nhiều thực khách đam mê ẩm thực Hà thành. Bên cạnh hơn 40 quầy hàng cung cấp món ăn bản địa cùng một số đồ ăn nhẹ Á &#8211; Âu, là không gian âm nhạc sôi động, cuốn hút, mang đến cho du khách những thời khắc thưởng thức ẩm thực đầy thư giãn. Ngoài ra, phải kể đến tuyến phố ẩm thực Tống Duy Tân cung cấp món ngon Hà Nội và đặc sản ba miền; ngõ ẩm thực phố chợ Đồng Xuân nơi hội tụ các sản vật mang phong vị Hà thành mùa nào, thức nấy…</p>



<p>Theo Tiến sĩ Hãn Nguyên Nguyễn Nhã, nguyên Viện trưởng Viện Nghiên cứu ẩm thực Việt Nam, Trưởng đề án “Bếp Việt &#8211; Bếp của thế giới”, nhắc đến những điều hấp dẫn của Hà Nội, không thể không kể đến văn hóa ẩm thực, với nghệ thuật chế biến tinh tế cùng khả năng tiếp thu, chắt lọc, hoàn thiện qua thời gian.</p>



<p>Những thức quà của Hà Nội không chỉ làm say lòng thực khách phổ thông mà còn thuyết phục ngay cả những chính trị gia hay các nhà ẩm thực uy tín, như: Cựu Tổng thống Pháp Francois Hollande; cựu Tổng thống Mỹ Barack Obama; cố đầu bếp danh tiếng Anthony Bourdain… Đặc biệt, tại Hội nghị Thượng đỉnh Hoa Kỳ &#8211; Triều Tiên lần thứ hai diễn ra ở Hà Nội, ẩm thực Hà thành đã tạo được ấn tượng mạnh mẽ với giới truyền thông quốc tế. Hình ảnh các món ngon Hà Nội, như: Phở Thìn, bánh cuốn bà Hoành, giò chả Ước Lễ, xôi chè Phú Thượng, chè sen Tây Hồ, cà phê trứng Giảng&#8230;, với những lời khen ngợi tràn ngập trên nhiều kênh thông tin cũng như trang mạng xã hội của các nhà báo quốc tế…</p>



<p><strong>Phát huy bản sắc trên bản đồ ẩm thực thế giới</strong></p>



<p>Theo dõi những trang viết về ẩm thực của những cây bút tài hoa, như: Thạch Lam, Vũ Bằng, Nguyễn Tuân… hay những đánh giá, xếp hạng của nhiều giải thưởng uy tín trên thế giới, như: Tốp 10 món ăn đường phố ngon nhất thế giới (Trang National Geographic xếp hạng năm 2014); tốp 10 và tốp 50 món ăn ngon nhất thế giới (CNN Travel xếp hạng năm 2015, 2016); đứng thứ 2 trong 18 thành phố có văn hóa ẩm thực hấp dẫn nhất thế giới (Telegraph xếp hạng năm 2017)…, có thể khẳng định, ẩm thực Hà thành đang làm tốt việc gìn giữ các món ăn dân tộc, đồng thời tiếp thu có chọn lọc để theo kịp với nhịp đập phát triển của thành phố; trong đó có công rất lớn của những nghệ nhân và những người kinh doanh ẩm thực có tâm, có tầm.</p>



<p>Có thể kể đến các nghệ nhân Phạm Thị Ánh Tuyết (Mã Mây, quận Hoàn Kiếm) miệt mài với việc truyền dạy nghệ thuật chế biến ẩm thực; ông Nguyễn Trọng Thìn, người nắm giữ bí quyết phở Thìn Lò Đúc để phát triển thương hiệu tại Hàn Quốc, Nhật Bản…</p>



<p>Theo nghệ nhân Phạm Thị Ánh Tuyết, rất nhiều người nước ngoài say mê ẩm thực Hà Nội, cảm thấy cuốn hút với những câu chuyện lịch sử của món ăn, trải nghiệm cách thức lựa chọn nguyên liệu, tham gia nấu nướng và thưởng thức thành phẩm. Đây cũng chính là cách để tạo dấu ấn về văn hóa Hà Nội, phong vị Hà thành trong lòng du khách. Còn nghệ nhân Nguyễn Thị Lâm thì chia sẻ: &#8220;Phần thưởng lớn nhất đối với tôi chính là những dòng lưu bút đầy cảm xúc của thực khách dành cho bữa ăn mình chuẩn bị&#8221;.</p>



<p>Với lịch sử lâu đời cùng đặc trưng hội tụ, kết tinh, lan tỏa, văn hóa nói chung, văn hóa ẩm thực Hà Nội nói riêng là kết quả của quá trình chắt lọc, bồi đắp tinh hoa qua nghìn năm để ngày càng trở nên hấp dẫn. Ẩm thực Hà thành vì thế, luôn được coi là di sản văn hóa, nằm trong chủ trương bảo tồn, phát huy giá trị, hỗ trợ tích cực cho &#8220;ngành công nghiệp không khói&#8221; quảng bá, lan tỏa hình ảnh Thủ đô và đất nước ra thế giới.</p>



<p>Giám đốc Sở Văn hóa và Thể thao Hà Nội Tô Văn Động khẳng định: Sức hấp dẫn của văn hóa ẩm thực Hà Nội không chỉ ở hương vị, màu sắc món ăn mà còn từ tri thức, kỹ thuật, bí quyết nhà nghề và những câu chuyện xung quanh thể hiện bề dày lịch sử văn hóa. Đó cũng chính là giá trị cốt lõi của di sản ẩm thực và việc nhấn mạnh vào những giá trị ấy sẽ góp phần khẳng định bản sắc Hà Nội trên bản đồ ẩm thực thế giới.</p>



<p>Cùng với các tuyến phố ẩm thực chuyên biệt, thành phố đã xây dựng, triển khai nhiều chương trình quảng bá ẩm thực gắn với du lịch trên các kênh truyền thông quốc tế; tổ chức nhiều sự kiện giao lưu văn hóa gắn với tôn vinh, quảng bá văn hóa ẩm thực, trong đó Lễ hội văn hóa ẩm thực Hà Nội đã trở thành thương hiệu. Thành phố có hơn 10 cơ sở dạy nấu ăn và trải nghiệm ẩm thực cho người nước ngoài, và trong tương lai con số này sẽ tiếp tục tăng. Ngoài ra, mô hình tour trải nghiệm ẩm thực ngày càng thu hút nhiều công ty lữ hành tham gia khai thác… Tất cả cho thấy những nỗ lực biến ẩm thực thành “đại sứ” đặc biệt, cầu nối hữu nghị đưa Hà Nội đến gần hơn với bạn bè, du khách quốc tế.</p>
]]></content:encoded>
					
					<wfw:commentRss>https://https://github.com/Noah2k3/NoahMyBlog.github.io.git/2023/09/11/suc-hap-dan-mang-ten-ha-noi-tinh-hoa-am-thuc-ha-thanh/feed/</wfw:commentRss>
			<slash:comments>0</slash:comments>
		
		
			</item>
	</channel>
</rss>
