<?xml version="1.0" encoding="UTF-8"?><rss version="2.0"
	xmlns:content="http://purl.org/rss/1.0/modules/content/"
	xmlns:wfw="http://wellformedweb.org/CommentAPI/"
	xmlns:dc="http://purl.org/dc/elements/1.1/"
	xmlns:atom="http://www.w3.org/2005/Atom"
	xmlns:sy="http://purl.org/rss/1.0/modules/syndication/"
	xmlns:slash="http://purl.org/rss/1.0/modules/slash/"
	>

<channel>
	<title>Ẩm thực miền Bắc &#8211; NoahMyStore</title>
	<atom:link href="http://localhost/NgocAnh/category/am-thuc/am-thuc-mien-bac/feed/?simply_static_page=343" rel="self" type="application/rss+xml" />
	<link>https://https://github.com/Noah2k3/NoahMyBlog.github.io.git</link>
	<description></description>
	<lastBuildDate>Mon, 11 Sep 2023 16:21:35 +0000</lastBuildDate>
	<language>vi</language>
	<sy:updatePeriod>
	hourly	</sy:updatePeriod>
	<sy:updateFrequency>
	1	</sy:updateFrequency>
	<generator>https://wordpress.org/?v=6.3.1</generator>
	<item>
		<title>Giải mã sức hấp dẫn của khu phố ẩm thực Hà Nội</title>
		<link>https://https://github.com/Noah2k3/NoahMyBlog.github.io.git/2023/09/11/giai-ma-suc-hap-dan-cua-khu-pho-am-thuc-ha-noi/</link>
					<comments>https://https://github.com/Noah2k3/NoahMyBlog.github.io.git/2023/09/11/giai-ma-suc-hap-dan-cua-khu-pho-am-thuc-ha-noi/#respond</comments>
		
		<dc:creator><![CDATA[Noah]]></dc:creator>
		<pubDate>Mon, 11 Sep 2023 16:21:35 +0000</pubDate>
				<category><![CDATA[Ẩm thực]]></category>
		<category><![CDATA[Ẩm thực miền Bắc]]></category>
		<guid isPermaLink="false">https://https://github.com/Noah2k3/NoahMyBlog.github.io.git/?p=66</guid>

					<description><![CDATA[Sức hấp dẫn của văn hóa ẩm thực Hà Nội không chỉ bởi hương vị, màu sắc món ăn mà còn từ tri thức, kỹ thuật, bí quyết nhà nghề và câu chuyện giữ gìn văn hóa truyền thống. Lễ hội Văn hóa &#8211; ẩm thực Việt Nam 2023 thu hút 30 nghìn lượt du [&#8230;]]]></description>
										<content:encoded><![CDATA[
<p>Sức hấp dẫn của văn hóa ẩm thực Hà Nội không chỉ bởi hương vị, màu sắc món ăn mà còn từ tri thức, kỹ thuật, bí quyết nhà nghề và câu chuyện giữ gìn văn hóa truyền thống.</p>



<figure class="wp-block-table"><table><tbody><tr><td><a href="https://qltt.vn/le-hoi-van-hoa-am-thuc-viet-nam-2023-thu-hut-30-nghin-luot-du-khach-tham-quan-95444.html">Lễ hội Văn hóa &#8211; ẩm thực Việt Nam 2023 thu hút 30 nghìn lượt du khách tham quan</a><a href="https://qltt.vn/du-khach-hao-hung-trai-nghiem-tai-le-hoi-van-hoa-am-thuc-mon-ngon-saigontourist-group-2023-95383.html">Du khách hào hứng trải nghiệm tại “Lễ hội văn hóa ẩm thực, món ngon Saigontourist Group 2023”</a><a href="https://qltt.vn/le-hoi-van-hoa-am-thuc-viet-nam-nam-2023-ho-n-dan-to-c-vi-que-huong-95264.html">Lễ hội Văn hóa &#8211; Ẩm thực Việt Nam năm 2023: “Hồn dân tộc – Vị quê hương”</a></td></tr></tbody></table></figure>



<p>Hai khu phố ẩm thực Tống Duy Tân và Đảo Ngọc &#8211; Ngũ Xã đã góp phần thúc đẩy du lịch và kinh tế đêm Thủ đô. Là địa chỉ cho các Cty du lịch tổ chức các tour du lịch ẩm thực chuyên đề quanh Hà Nội. Từ “kênh” phố ẩm thực thúc đẩy hoạt động du lịch, đưa loại hình du lịch ẩm thực trở thành thế mạnh đặc trưng, góp phần khẳng định bản sắc Hà Nội trên bản đồ ẩm thực thế giới.</p>



<figure class="wp-block-table"><table><tbody><tr><td><img decoding="async" src="https://qltt.vn/stores/news_dataimages/hanhnth3/062023/13/11/3929_1-3.jpg?rt=20230613113930" alt="Giải mã sức hấp dẫn của khu phố ẩm thực Hà Nội"></td></tr></tbody></table></figure>



<p>Nằm trong khu vực sầm uất của Thủ đô, tuyến phố Tống Duy Tân (phường Hàng Bông, quận Hoàn Kiếm) chỉ có chiều dài 200m, con phố nhỏ nhưng “có võ” được coi là “thiên đường ẩm thực đêm” của giới trẻ. Du khách đến phố Tống Duy Tân được thưởng thức món ăn đủ vị từ gà tần thuốc bắc, bánh cuốn Kỳ Đồng, cơm đảo gà rang, cháo sườn Thọ Xương, ốc bà Câm,…</p>



<p>Các tín đồ ăn vặt hẳn sẽ tiếc hùi hụi nếu không thử hết các món ăn vặt vừa thuận con mắt, vừa ưng cái bụng trên phố ẩm thực nức tiếng Hà Thành.</p>



<p>Sau 21 năm được chọn làm Phố ẩm thực Hà Nội, đến nay phố Tống Duy Tân đã phát triển đa dạng các nhà hàng, quán ăn, cơ sở hạ tầng đến dự án “tuyến phố xanh”.</p>



<figure class="wp-block-table"><table><tbody><tr><td><img decoding="async" src="https://qltt.vn/stores/news_dataimages/hanhnth3/062023/13/11/4123_88589ef5-af4f-4a84-9838-4dad8e1d31af20221231164219.jpg?rt=20230613114124" alt="Giải mã sức hấp dẫn của khu phố ẩm thực Hà Nội"></td></tr><tr><td><em>(Ảnh minh họa)</em></td></tr></tbody></table></figure>



<p>Là tuyến phố ẩm thực thứ hai Hà Nội, phố ẩm thực kết hợp phố đi bộ Đảo Ngọc &#8211; Ngũ Xã (phường Trúc Bạch, quận Ba Đình) thu hút du khách đến tham quan, trải nghiệm. Trước đây, tuyến phố đã có tên trong “bản đồ ẩm thực” của du khách với các món ăn đặc trưng là món phở cuốn, bún Thái, lẩu ếch, đồ nướng,…</p>



<p>Ngoài trải nghiệm nét ẩm thực mang phong vị riêng của người dân làng đúc đồng xưa, du khách còn tham gia nhiều hoạt động đường phố hấp dẫn khác. Từ chợ hàng hóa, sản phẩm OCOP, trưng bày giới thiệu truyền thống đúc đồng Ngũ Xã,…</p>



<p>Tại Hà Nội, ẩm thực đường phố những năm gần đây liên tục được gọi tên với các giải thưởng ẩm thực uy tín. Mới đây, Hà Nội vinh dự đứng ở vị trí thứ 3 trong danh sách Top 20 điểm đến cho người mê ẩm thực năm 2023 do TripAdvisor bình chọn. Cũng tại giải thưởng này năm 2022, Hà Nội xếp hạng 22/23 bình chọn từ du khách trên toàn thế giới.</p>
]]></content:encoded>
					
					<wfw:commentRss>https://https://github.com/Noah2k3/NoahMyBlog.github.io.git/2023/09/11/giai-ma-suc-hap-dan-cua-khu-pho-am-thuc-ha-noi/feed/</wfw:commentRss>
			<slash:comments>0</slash:comments>
		
		
			</item>
		<item>
		<title>Sức hút ẩm thực Hà Nội</title>
		<link>https://https://github.com/Noah2k3/NoahMyBlog.github.io.git/2023/09/11/suc-hut-am-thuc-ha-noi/</link>
					<comments>https://https://github.com/Noah2k3/NoahMyBlog.github.io.git/2023/09/11/suc-hut-am-thuc-ha-noi/#respond</comments>
		
		<dc:creator><![CDATA[Noah]]></dc:creator>
		<pubDate>Mon, 11 Sep 2023 16:20:09 +0000</pubDate>
				<category><![CDATA[Ẩm thực]]></category>
		<category><![CDATA[Ẩm thực miền Bắc]]></category>
		<guid isPermaLink="false">https://https://github.com/Noah2k3/NoahMyBlog.github.io.git/?p=64</guid>

					<description><![CDATA[Thủ đô Hà Nội không chỉ mang trong mình bề dày văn hóa – lịch sử mà còn chứa đựng cả một nền ẩm thực độc đáo, riêng có. Ẩm thực Hà thành còn là sự kết tinh ẩm thực của mọi miền đất nước, là sự thẩm thấu, tiếp biến tinh hoa của ẩm [&#8230;]]]></description>
										<content:encoded><![CDATA[
<p>Thủ đô Hà Nội không chỉ mang trong mình bề dày văn hóa – lịch sử mà còn chứa đựng cả một nền ẩm thực độc đáo, riêng có. Ẩm thực Hà thành còn là sự kết tinh ẩm thực của mọi miền đất nước, là sự thẩm thấu, tiếp biến tinh hoa của ẩm thực thế giới. Bởi lẽ ấy, ẩm thực Hà Nội được truyền thông quốc tế đánh giá cao. Nói đến xuất khẩu sản phẩm văn hóa, người ta hay nghĩ đến các loại hình giải trí, tuy nhiên dù chưa có con số thống kê cụ thể nhưng nhiều người cho rằng thị trường xuất khẩu văn hóa ẩm thực thậm chí còn lớn hơn nhiều. Và cũng không có gì tác động nhanh, nhiều xúc cảm như ẩm thực, bởi “món ngon nhớ lâu”, món ngon luôn gây thương nhớ.</p>
]]></content:encoded>
					
					<wfw:commentRss>https://https://github.com/Noah2k3/NoahMyBlog.github.io.git/2023/09/11/suc-hut-am-thuc-ha-noi/feed/</wfw:commentRss>
			<slash:comments>0</slash:comments>
		
		
			</item>
	</channel>
</rss>
