<?xml version="1.0" encoding="UTF-8"?><rss version="2.0"
	xmlns:content="http://purl.org/rss/1.0/modules/content/"
	xmlns:wfw="http://wellformedweb.org/CommentAPI/"
	xmlns:dc="http://purl.org/dc/elements/1.1/"
	xmlns:atom="http://www.w3.org/2005/Atom"
	xmlns:sy="http://purl.org/rss/1.0/modules/syndication/"
	xmlns:slash="http://purl.org/rss/1.0/modules/slash/"
	>

<channel>
	<title>Scandinavian &#8211; NoahMyStore</title>
	<atom:link href="http://localhost/NgocAnh/category/noi-that/scandinavian/feed/?simply_static_page=340" rel="self" type="application/rss+xml" />
	<link>https://https://github.com/Noah2k3/NoahMyBlog.github.io.git</link>
	<description></description>
	<lastBuildDate>Mon, 11 Sep 2023 16:27:38 +0000</lastBuildDate>
	<language>vi</language>
	<sy:updatePeriod>
	hourly	</sy:updatePeriod>
	<sy:updateFrequency>
	1	</sy:updateFrequency>
	<generator>https://wordpress.org/?v=6.3.1</generator>
	<item>
		<title>PHONG CÁCH SCANDINAVIAN LÀ GÌ? ỨNG DỤNG NỘI THẤT SCANDINAVIAN LIVING BẮC ÂU ẤN TƯỢNG NHẤT 2023</title>
		<link>https://https://github.com/Noah2k3/NoahMyBlog.github.io.git/2023/09/11/phong-cach-scandinavian-la-gi-ung-dung-noi-that-scandinavian-living-bac-au-an-tuong-nhat-2023/</link>
					<comments>https://https://github.com/Noah2k3/NoahMyBlog.github.io.git/2023/09/11/phong-cach-scandinavian-la-gi-ung-dung-noi-that-scandinavian-living-bac-au-an-tuong-nhat-2023/#respond</comments>
		
		<dc:creator><![CDATA[Noah]]></dc:creator>
		<pubDate>Mon, 11 Sep 2023 16:27:38 +0000</pubDate>
				<category><![CDATA[Nội thất]]></category>
		<category><![CDATA[Scandinavian]]></category>
		<guid isPermaLink="false">https://https://github.com/Noah2k3/NoahMyBlog.github.io.git/?p=69</guid>

					<description><![CDATA[Nếu bạn đang tìm kiếm ý tưởng thiết kế không gian sống theo hướng hiện đại, đơn giản nhưng vẫn ấm cúng, tiện nghi, đừng nên bỏ qua&#160;phong cách Scandinavian. Đó cũng là lý do mà phong cách thiết kế nội thất Bắc Âu&#160;Scandinavian&#160;với nét đẹp nhẹ nhàng, tinh tế đang ngày càng được yêu [&#8230;]]]></description>
										<content:encoded><![CDATA[
<p><em>Nếu bạn đang tìm kiếm ý tưởng thiết kế không gian sống theo hướng hiện đại, đơn giản nhưng vẫn ấm cúng, tiện nghi, đừng nên bỏ qua&nbsp;phong cách Scandinavian. Đó cũng là lý do mà phong cách thiết kế nội thất Bắc Âu&nbsp;<a href="https://jysk.vn/" target="_blank" rel="noreferrer noopener">Scandinavian</a>&nbsp;với nét đẹp nhẹ nhàng, tinh tế đang ngày càng được yêu thích. Vậy thực chất&nbsp;</em><em>phong cách Scandinavian là gì</em><em>? Hãy cùng JYSK tìm hiểu ngay về&nbsp;phong cách&nbsp;<a href="https://jysk.vn/scandinavian-la-gi-va-ung-dung-trong-thiet-ke-can-ho/" target="_blank" rel="noreferrer noopener">Scandinavian là gì</a>&nbsp;và các đặc trưng, ưu điểm nổi bật giúp xu hướng này được ưa chuộng nhé!</em></p>



<h2 class="wp-block-heading">Scandinavian là gì?</h2>



<p>Scandinavian được bắt nguồn từ tên gọi của một địa danh ở Bắc Âu là bán đảo Scandinavia. Bán đảo này được bao quanh bởi&nbsp;biển Baltic, biển Bắc, biển Na Uy thuộc Đại Tây Dương và biển Barents thuộc Bắc Băng Dương.</p>



<figure class="wp-block-image" id="attachment_30331"><a href="https://jysk.vn/wp-content/uploads/2021/01/scandinavian-2.png"><img decoding="async" src="https://jysk.vn/wp-content/uploads/2021/01/scandinavian-2-752x400.png" alt="Vùng Bắc Âu xinh đẹp là nơi bắt nguồn của phong cách Scandinavian" class="wp-image-30331"/></a><figcaption class="wp-element-caption">Vùng Bắc Âu xinh đẹp là nơi bắt nguồn của phong cách Scandinavian</figcaption></figure>



<h2 class="wp-block-heading">Phong cách Scandinavian là gì?</h2>



<p>Dù xu hướng thiết kế nội thất Scandinavian đang ngày càng phổ biến nhưng rất nhiều người vẫn chưa biết rõ&nbsp;phong cách Scandinavian là gì?&nbsp;Phong cách Scandinavian, hay phong cách Bắc Âu, là phong cách thiết kế Scandinavian nội thất có sự hòa quyện độc đáo giữa 3 yếu tố – sự tối giản – công năng tiện dụng, mang đến nét đẹp hiện đại nhưng vẫn gần gũi&nbsp;với thiên nhiên. “Đơn giản, ấm cúng và tinh tế” là những nét đặc trưng thường thấy ở các ngôi nhà mang phong cách thiết kế Scandinavian. Những gam màu trung tính&nbsp;như trắng, xám, xanh đen trắng… mang đến cảm giác hài hòa, dịu mắt kết hợp cùng những sản phẩm nội thất đơn giản nhưng đầy đủ tiện nghi. Sự pha trộn này sẽ mang đến cho bạn cảm giác thoải mái, yên bình và thư giãn.&nbsp;Chính vì vậy,&nbsp;phong cách nội thất Scandinavian&nbsp;không những được giới trẻ ưa chuộng, mà ngay cả những người ở tuổi trung niên cũng yêu thích.</p>



<figure class="wp-block-image"><img decoding="async" src="https://jysk.vn/img/3103909_2.jpg" alt="Phong cách Scandinavian là gì?"/><figcaption class="wp-element-caption">Phong cách nội thất Scandinavian mang lại cảm giác thoải mái, yên bình và thư giãn</figcaption></figure>



<h2 class="wp-block-heading">Lịch sử phong cách Scandinavian</h2>



<p>Phong cách này xuất hiện từ năm 1940, tuy nhiên phải đến những năm 1950 thì nó mới được công nhận rộng rãi ở các quốc gia như Thụy Điển, Phần Lan, Đan Mạch… Trước đó, vào năm 1914,&nbsp;phong cách Scandinavian&nbsp;được biết đến với tên gọi thiết kế dân chủ. Ở giai đoạn này, phong cách dân chủ chú trọng vào việc tận dụng hiệu quả các nguồn nguyên liệu tự nhiên nên sản phẩm có giá cả phải chăng. Do vậy, phong cách nội thất này nhanh chóng được nhiều người ưa chuộng, mở ra tiền đề phát triển cho phong cách Bắc Âu.</p>



<p>Sau đó, nhiều cuộc triển lãm xoay quanh đề tài thiết kế nội thất Scandinavian đã được tổ chức tại Bắc Âu và Châu Mỹ. Stockholm Exhibition là buổi triển lãm đầu tiên được tổ chức vào năm 1930. Từ năm 1947 đến 1954, các thuật ngữ về Scandinavian bắt đầu được đưa vào chương trình thiết kế tại Mỹ và Canada. Bên cạnh đó, nhiều sản phẩm mang&nbsp;phong cách nội thất Scandinavian&nbsp;cũng được trưng bày, giúp phong cách thiết kế Scandinavian ngày càng phổ biến hơn. Từ giai đoạn đầu của thế kỷ 21, Scandinavian đã trở thành một trong những phong cách thiết kế nội thất ưu việt trên thế giới.</p>



<h2 class="wp-block-heading">Đặc trưng phong cách Scandinavian</h2>



<p>Để trang trí không gian sống nhà mình theo phong cách Bắc Âu Scandinavian, bạn cần chú ý đến những đặc trưng cơ bản của phong cách nội thất này bao gồm:</p>



<ul>
<li>Sử dụng các chất liệu tự nhiên như gỗ và đá</li>



<li>Sử dụng tông màu trung tính chủ đạo kết hợp yếu tố tương phản để tạo điểm nhấn cho không gian</li>



<li>Tận dụng ánh sáng tự nhiên</li>



<li>Lựa chọn đồ nội thất có thiết kế đơn giản, hiện đại và có tính ứng dụng cao.</li>
</ul>



<h3 class="wp-block-heading">Chất liệu trong trang trí nội thất&nbsp;Scandinavian</h3>



<p>Phong cách Scandinavian&nbsp;nổi bật với vẻ đẹp giản dị, mộc mạc và tinh tế. Do đó, những chất liệu, phụ kiện, vật dụng trong căn phòng hay căn hộ được sử dụng cho phong cách này đó là:</p>



<ul>
<li>Gỗ: Đây chính là chất liệu đặc trưng không thể thiếu khi nhắc đến phong cách Bắc Âu. Các phụ kiện bằng gỗ bàn ghế, tủ đồ, bàn trang điểm… mang đến vẻ đẹp mộc mạc, giản dị, gần gũi với tự nhiên tạo cảm giác thoải mái, trong lành.</li>
</ul>



<figure class="wp-block-image"><img decoding="async" src="https://jysk.vn/wp-content/uploads/2020/12/99854-1109x800.jpg" alt="Sử dụng chất liệu gỗ tự nhiên trong phong cách Scandinavian"/><figcaption class="wp-element-caption">Sự kết hợp của chất liệu gỗ sáng giúp không gian thêm thoáng đạt và rộng rãi</figcaption></figure>



<ul>
<li>Đá: Chất liệu đá là yếu tố đặc trưng trong thiết kế&nbsp;phong cách Scandinavian, đặc biệt là đá màu trắng tinh khiết. Chúng mang lại vẻ đẹp thanh lịch, tinh tế khi được đặt ở các vị trí để tạo điểm nhấn như vách tường, mặt bếp…</li>



<li>Da và lông thú: Khi kết hợp 2 chất liệu này sẽ đem đến sự sáng tạo độc đáo trong phong cách thiết kế Scandinavian. Chất liệu da thường được sử dụng ở ghế sofa hay&nbsp;<a href="https://jysk.vn/ghe-banh/" target="_blank" rel="noreferrer noopener">ghế bành</a>… Còn lông thú thì chủ yếu là&nbsp;<a href="https://jysk.vn/tham/" target="_blank" rel="noreferrer noopener">thảm</a>&nbsp;hoặc vật trang trí trên tường, tạo không gian ấm áp, gần gũi.</li>
</ul>



<figure class="wp-block-image" id="attachment_30332"><a href="https://jysk.vn/wp-content/uploads/2021/01/scandinavian-3.png"><img decoding="async" src="https://jysk.vn/wp-content/uploads/2021/01/scandinavian-3-607x400.png" alt="Kết hợp chất liệu tự nhiên da và lông thú trong phong cách Scandinavian" class="wp-image-30332"/></a><figcaption class="wp-element-caption">Ghế sofa kết hợp cùng thảm phòng khách tạo nên vẻ đẹp hiện đại</figcaption></figure>



<h3 class="wp-block-heading">Màu sắc trong phong cách&nbsp;Scandinavian</h3>



<p>Màu trắng chính là biểu tượng đặc trưng của&nbsp;phong cách thiết kế Scandinavian. Bởi lẽ, thiết kế này được lấy cảm hứng từ vùng đất có tuyết trắng Bắc Âu.</p>



<figure class="wp-block-image"><img decoding="async" src="https://jysk.vn/img/3680044_2.jpg" alt="Sử dụng tông màu trắng chủ đạo trong phong cách Scandinavian"/><figcaption class="wp-element-caption">Sử dụng tông màu trắng chủ đạo giúp không gian nội thất thêm tinh tế, hiện đại</figcaption></figure>



<p>Màu trắng trong thiết kế nội thất không những giúp mở rộng không gian, mà còn rất dễ phối hợp với nhiều màu sắc khác như màu kem, vàng nhạt, xanh… để tạo điểm nhấn.</p>



<figure class="wp-block-image"><img decoding="async" src="https://jysk.vn/img/3620890_5.jpg" alt="Sự kết hợp màu sắc trong phong cách Scandinavian"/><figcaption class="wp-element-caption">Sự kết hợp màu sắc trung tính tạo điểm nhấn nổi bật cho không gian</figcaption></figure>



<h3 class="wp-block-heading">Ánh sáng rất quan trọng trong&nbsp;Scandinavian</h3>



<p>Một trong những điểm độc đáo, sáng tạo của phong cách Bắc Âu chính là tận dụng được nguồn ánh sáng tự nhiên. Do vậy, thông thường, trong phòng sẽ có nhiều cửa sổ cùng rèm mỏng màu trắng để thu hút ánh sáng bên ngoài. Đèn trang trí thường được sử dụng ở phong cách này là đèn lồng, đèn mây màu trắng hoặc vàng nhẹ.</p>



<figure class="wp-block-image"><img decoding="async" src="https://jysk.vn/img/3656199_9.jpg" alt="Sử dụng ánh sáng tự nhiên trong phong cách Scandinavian"/><figcaption class="wp-element-caption">Sử dụng ánh sáng tự nhiên giúp không gian thêm rộng mở, thoáng đãng</figcaption></figure>



<h3 class="wp-block-heading">Các yếu tố trang trí</h3>



<ul>
<li>Cây xanh: Phong cách Scandinavian&nbsp;theo xu hướng tự nhiên và giản dị nên cây xanh được xem là phụ kiện trang trí không thể thiếu.</li>



<li>Chất liệu gỗ:&nbsp;Như đã đề cập ở trên, chất liệu gỗ tạo nên vẻ đẹp mộc mạc và giản dị cho không gian theo phong cách Bắc Âu. Do đó, bạn có thể tìm mua hoặc tự tay làm những phụ kiện bằng gỗ như tủ gỗ,&nbsp;<a href="https://jysk.vn/lo-hoa/" target="_blank" rel="noreferrer noopener">lọ hoa</a>, vòng cung treo tường, rèm gỗ… để trang trí cho phòng của mình.</li>



<li>Họa tiết: Phong cách Scandinavian&nbsp;theo hướng đơn giản, tinh tế. Vì vậy, các họa tiết trang trí hình hoa văn, caro được ưa chuộng. Chúng thường được xuất hiện ở thảm trải sàn, tranh treo tường…</li>
</ul>



<h3 class="wp-block-heading">Vật dụng nội thất</h3>



<p>Vì phong cách thiết kế Bắc Âu đi theo chủ nghĩa tối giản, nên bạn cần chú trọng tới tính tiện dụng và đơn giản trong cách sắp xếp nội thất. Những vật dụng nội thất đa năng sẽ được ưu tiên sử dụng nhiều hơn. Bạn có thể bố trí ghế bành, sofa, ghế tựa dạng rời,&nbsp;<a href="https://jysk.vn/ke-treo-tuong/" target="_blank" rel="noreferrer noopener">kệ treo tường</a>, tủ kệ dạng cao tầng… để tiết kiệm không gian, đồng thời chọn lựa những mẫu nội thất chất liệu thiên nhiên như bàn ghế mây, tre… góp phần là tăng thêm vẻ đẹp tinh tế, sáng tạo.</p>



<figure class="wp-block-image"><img decoding="async" src="https://jysk.vn/img/3602023_5.jpg" alt="Bố trí đồ nội thất đơn giản, gọn gàng phong cách Scandinavian" title="Bố trí đồ nội thất đơn giản, gọn gàng để không gian thêm rộng rãi"/></figure>



<p><em>Bố trí đồ nội thất đơn giản, gọn gàng để không gian thêm rộng rãi</em></p>



<h2 class="wp-block-heading">Lý do phong cách Scandinavian Living ngày càng được ưa chuộng</h2>



<h3 class="wp-block-heading">Giúp căn phòng rộng và thoáng hơn</h3>



<p>Hiểu được&nbsp;phong cách Scandinavian là gì&nbsp;sẽ giúp bạn dễ dàng biết được lý do phong cách thiết kế này luôn được yêu thích. Nhấn mạnh vào nét đẹp tươi sáng, tinh tế, sử dụng gam màu tươi sáng như màu trắng, xám, xanh là nét đặc trưng của phong cách này. Những bức tường màu trắng mang lại cảm giác mở rộng không gian, rộng rãi, thông thoáng cho căn phòng. Đặc biệt đối với các ngôi nhà, chung cư ở thành phố lớn có không gian nhỏ hẹp, chật chội thì việc ứng dụng thiết kế&nbsp;phong cách Scandinavian&nbsp;là một lựa chọn lý tưởng.</p>



<figure class="wp-block-image" id="attachment_32374"><a href="https://jysk.vn/wp-content/uploads/2021/02/phong-cach-scandinavian-la-gi.jpg"><img decoding="async" src="https://jysk.vn/wp-content/uploads/2021/02/phong-cach-scandinavian-la-gi.jpg" alt="Phong cách thiết kế Scandinavian giúp căn phòng rộng và thoáng hơn" class="wp-image-32374"/></a><figcaption class="wp-element-caption"><a href="https://jysk.vn/phong-ngu-phong-cach-scandinavian-hien-dai-va-tinh-te/" target="_blank" rel="noreferrer noopener">Phòng ngủ phong cách Scandinavian</a>&nbsp;giúp căn phòng rộng và thoáng hơn</figcaption></figure>



<h3 class="wp-block-heading">Dễ kết hợp với những họa tiết khác</h3>



<p>Không ít bạn sẽ nghĩ rằng gam màu trắng chủ đạo sẽ đem lại cảm giác đơn điệu, nhàm chán. Thế nhưng,&nbsp;phong cách nội thất Scandinavian&nbsp;với gam màu trắng chủ đạo cực kỳ dễ phối hợp với các phụ kiện nội thất khác. Vậy cách phối hợp&nbsp;phụ kiện trang trí&nbsp;trong&nbsp;phong cách Scandinavian là gì?&nbsp;Rất đơn giản, việc sử dụng những chiếc&nbsp;thảm&nbsp;trải sàn tông màu sáng sẽ giúp cả căn phòng của bạn sẽ trở nên tươi sáng, có điểm nhấn và mang lại cảm giác ấm cúng. Nếu bạn yêu thích phong cách hiện đại, năng động, bạn có thể kết hợp phụ kiện với các họa tiết kẻ sọc, bất đối xứng,…</p>



<figure class="wp-block-image"><img decoding="async" src="https://jysk.vn/img/3602023_2.jpg" alt="Sự kết hợp các phụ kiện trang trí trong phong cách Scandinavian"/><figcaption class="wp-element-caption">Sự kết hợp các phụ kiện trang trí trong phong cách Scandinavian</figcaption></figure>



<h3 class="wp-block-heading">Tận dụng tối đa ánh sáng tự nhiên</h3>



<p>Vậy nguồn ánh sáng của&nbsp;phong cách Scandinavian là gì?&nbsp;Sử dụng ánh sáng tự nhiên là một trong những yếu tố quan trọng trong thiết kế nội thất mang phong cách Scandinavian. Xu hướng thiết kế Bắc Âu này tận dụng tối đa nguồn sáng tự nhiên bằng cách kết hợp các khung cửa sổ rộng lớn và những chiếc rèm cửa sáng màu. Điều này giúp tăng góc độ dàn trải của ánh sáng và mang lại không khí thoáng đãng cho căn phòng. Đây cũng là một điểm nhấn ấn tượng của phong cách Scandinavian.</p>



<h2 class="wp-block-heading">6 Cách trang trí nhà phong cách nội thất Scandinavian Bắc Âu</h2>



<h3 class="wp-block-heading">Phong cách nội thất Scandinavian Design với sàn gỗ sáng màu</h3>



<p>Với&nbsp;phong cách nội thất Scandinavian, sàn gỗ sáng màu luôn là sự lựa chọn hàng đầu. Chúng có thể sử dụng trong mọi không gian, ngoại trừ phòng tắm. Nếu bạn đã lắp sàn gỗ màu tối, thì có thể làm sáng chúng bằng cách dùng các sản phẩm đánh sàn chuyên dụng, và sơn dầu lại màu sáng hơn.</p>



<figure class="wp-block-image"><img decoding="async" src="https://jysk.vn/wp-content/uploads/2020/10/99713-j-600x399.jpg" alt="Sàn gỗ sáng màu là đặc trưng của phong cách nội thất Scandinavian"/><figcaption class="wp-element-caption">Sàn gỗ sáng màu là đặc trưng của phong cách nội thất Scandinavian</figcaption></figure>



<h3 class="wp-block-heading">Màu sắc trung tính trong phong cách nội thất Scandinavian</h3>



<p>Phong cách nội thất Scandinavian&nbsp;ưu tiên lựa chọn tone màu sáng chủ đạo như: trắng, xám, xanh các màu sắc nhạt, đặc biệt là màu pastel. Lưu ý nhỏ là bạn chỉ nên sử dụng từ một đến hai màu sắc chủ đạo thôi nhé.&nbsp;</p>



<h3 class="wp-block-heading">Vật liệu tự nhiên là điểm quan trọng trong Scandinavian Design</h3>



<p>Để tô thêm vẻ đẹp cho&nbsp;phong cách nội thất Scandinavian, thường vật liệu tự nhiên luôn là sự lựa chọn hoàn hảo. Bằng việc kết hợp giữa các loại vật liệu khác nhau, như hộp đựng đựng làm từ mây,&nbsp;<a href="https://jysk.vn/phu-kien-trang-tri/" target="_blank" rel="noreferrer noopener">phụ kiện trang trí</a>&nbsp;bằng gốm sứ kết hợp với nội thất làm từ gỗ,… bạn sẽ thấy một tổng thể rất đẹp, hài hòa và thanh lịch.</p>



<figure class="wp-block-image"><img decoding="async" src="https://jysk.vn/gallery/360657084_2.jpg" alt="Tủ quần áo HAGENDRUP, gỗ công nghiệp màu sồi trắng tại JYSK phong cách Scandinavian"/><figcaption class="wp-element-caption">Tủ quần áo HAGENDRUP, gỗ công nghiệp màu sồi trắng tại JYSK</figcaption></figure>



<h3 class="wp-block-heading">Trang trí phòng với ánh sáng tự nhiên&nbsp;</h3>



<p>Phong cách nội thất Scandinavian&nbsp;có nguồn gốc từ các nước Bắc Âu. Do những nước này có mùa đông kéo dài và khá tối, nên không có gì làm lạ khi người dân nơi đây luôn muốn đưa nhiều ánh sáng vào trong nhà. Người Scandinavian thường sử dụng các bóng đèn thả trần, thiết kế nhiều khung cửa sổ và bố trí chúng rải rác xung quanh phòng nhằm khuếch tán ánh sáng.&nbsp;</p>



<figure class="wp-block-image"><img decoding="async" src="https://jysk.vn/wp-content/uploads/2020/10/1-1.jpg" alt="Ánh sáng tự nhiên được ưa chuộng trong thiết kế phong cách nội thất Scandinavian"/><figcaption class="wp-element-caption">Ánh sáng tự nhiên được ưa chuộng trong thiết kế phong cách nội thất Scandinavian</figcaption></figure>



<h3 class="wp-block-heading">Đồ nội thất hiện đại tối giản thể hiện rõ&nbsp;Scandinavian Design</h3>



<p>Một chi tiết nhỏ nữa đáng được quan tâm, đó là khi mua đồ nội thất, bạn nên ưu tiên chọn đồ càng tối giản càng tốt. Vì theo&nbsp;phong cách nội thất Scandinavian,&nbsp;họ không sử dụng quá nhiều họa tiết hoa văn, thay vào đó họ chọn những sản phẩm đa năng, có màu sắc đơn điệu. Như thế sẽ tạo nên không gian thoáng đãng, cảm giác thoải mái, không bị bí bách nhưng vẫn đầy đủ tiện nghi.&nbsp;</p>



<h4 class="wp-block-heading">Chọn ghế Sofa màu trầm</h4>



<p>Có một sản phẩm phổ biến trong&nbsp;phong cách nội thất Scandinavian&nbsp;đó là những chiếc ghế sofa màu trầm. Thường sử dụng chất liệu là bọc vải màu tối như xám, xanh đen, xám nhạt,… ới phần chân ghế bằng gỗ, kiểu dáng bo tròn hoặc vuông vức tạo sự khác biệt, đậm phong cách Bắc Âu.</p>



<figure class="wp-block-image"><img decoding="async" src="https://jysk.vn/gallery/369018286.jpg" alt="Sofa 3S GEDVED, vải polyester màu xám tại JYSK phong cách Scandinavian"/><figcaption class="wp-element-caption">Sofa 3S GEDVED, vải polyester màu xám tại JYSK</figcaption></figure>



<h3 class="wp-block-heading">Phụ kiện trang trí nhà cửa đơn giản nhưng tinh tế</h3>



<p>Điều cuối cùng, là bạn nên giảm các phụ kiện trang trí ở mức tối thiểu. Hãy nghĩ về những khoảng trống, nếu muốn bạn có thể tô thêm một vài cây xanh hoặc trang trí thêm các phụ kiện cơ bản như rèm cửa,&nbsp;<a href="https://jysk.vn/khung-tranh-anh/" target="_blank" rel="noreferrer noopener">khung ảnh</a>, thảm trải,… chúng vừa làm điểm nhấn trang trí nhưng vẫn có công năng chắc chắn sẽ làm tăng giá trị thẩm mỹ cho căn phòng của bạn.</p>



<h2 class="wp-block-heading">TOP Mẫu nội thất phong cách Scandinavian Design hiện đại, HOT nhất 2023</h2>



<h3 class="wp-block-heading">Mẫu nội thất phòng khách phong cách&nbsp;Scandinavian</h3>



<figure class="wp-block-image"><img decoding="async" src="https://jysk.vn/img/3648123_2.jpg" alt="Mẫu phòng khách phong cách Scandinavian sàn nhà gỗ ấm cúng"/><figcaption class="wp-element-caption">Mẫu phòng khách phong cách Scandinavian sàn nhà gỗ ấm cúng</figcaption></figure>



<figure class="wp-block-image"><img decoding="async" src="https://jysk.vn/img/3648123_5.jpeg" alt="Mẫu phòng khách phong cách Bắc Âu phong cách Scandinavian"/><figcaption class="wp-element-caption">Mẫu phòng khách phong cách Bắc Âu nhẹ nhàng, tinh tế</figcaption></figure>



<figure class="wp-block-image"><img decoding="async" src="https://jysk.vn/img/3620880_4.jpg" alt="Mẫu phòng khách phong cách Bắc Âu hiện đại phong cách Scandinavian"/><figcaption class="wp-element-caption">Mẫu phòng khách phong cách Bắc Âu hiện đại</figcaption></figure>
]]></content:encoded>
					
					<wfw:commentRss>https://https://github.com/Noah2k3/NoahMyBlog.github.io.git/2023/09/11/phong-cach-scandinavian-la-gi-ung-dung-noi-that-scandinavian-living-bac-au-an-tuong-nhat-2023/feed/</wfw:commentRss>
			<slash:comments>0</slash:comments>
		
		
			</item>
	</channel>
</rss>
