<?xml version="1.0" encoding="UTF-8"?><rss version="2.0"
	xmlns:content="http://purl.org/rss/1.0/modules/content/"
	xmlns:dc="http://purl.org/dc/elements/1.1/"
	xmlns:atom="http://www.w3.org/2005/Atom"
	xmlns:sy="http://purl.org/rss/1.0/modules/syndication/"
	
	>
<channel>
	<title>
	Các phản hồi luận về: PHONG CÁCH SCANDINAVIAN LÀ GÌ? ỨNG DỤNG NỘI THẤT SCANDINAVIAN LIVING BẮC ÂU ẤN TƯỢNG NHẤT 2023	</title>
	<atom:link href="http://localhost/NgocAnh/2023/09/11/phong-cach-scandinavian-la-gi-ung-dung-noi-that-scandinavian-living-bac-au-an-tuong-nhat-2023/feed/?simply_static_page=301" rel="self" type="application/rss+xml" />
	<link>https://https://github.com/Noah2k3/NoahMyBlog.github.io.git/2023/09/11/phong-cach-scandinavian-la-gi-ung-dung-noi-that-scandinavian-living-bac-au-an-tuong-nhat-2023/</link>
	<description></description>
	<lastBuildDate>Mon, 11 Sep 2023 16:27:38 +0000</lastBuildDate>
	<sy:updatePeriod>
	hourly	</sy:updatePeriod>
	<sy:updateFrequency>
	1	</sy:updateFrequency>
	<generator>https://wordpress.org/?v=6.3.1</generator>
</channel>
</rss>
