<?xml version="1.0" encoding="UTF-8"?><rss version="2.0"
	xmlns:content="http://purl.org/rss/1.0/modules/content/"
	xmlns:dc="http://purl.org/dc/elements/1.1/"
	xmlns:atom="http://www.w3.org/2005/Atom"
	xmlns:sy="http://purl.org/rss/1.0/modules/syndication/"
	
	>
<channel>
	<title>
	Các phản hồi luận về: Giải mã sức hấp dẫn của khu phố ẩm thực Hà Nội	</title>
	<atom:link href="http://localhost/NgocAnh/2023/09/11/giai-ma-suc-hap-dan-cua-khu-pho-am-thuc-ha-noi/feed/?simply_static_page=302" rel="self" type="application/rss+xml" />
	<link>https://https://github.com/Noah2k3/NoahMyBlog.github.io.git/2023/09/11/giai-ma-suc-hap-dan-cua-khu-pho-am-thuc-ha-noi/</link>
	<description></description>
	<lastBuildDate>Mon, 11 Sep 2023 16:21:35 +0000</lastBuildDate>
	<sy:updatePeriod>
	hourly	</sy:updatePeriod>
	<sy:updateFrequency>
	1	</sy:updateFrequency>
	<generator>https://wordpress.org/?v=6.3.1</generator>
</channel>
</rss>
